Brand Name,Product Name,Size,Availability Status,Price,Category,Notes,SKU,Image,Carton Size
Afnan,OUD IS GRET 100ML,,,0,-,-,006-0100001,https://m.media-amazon.com/images/I/8109vH+VyGL._SL1500_.jpg,1
Afnan,MUSK IS GRET 100ML,,,0,-,-,006-0100002,https://zaoud.it/cdn/shop/files/musk-is-great-perfume-bottle-with-box-against-white-background.jpg?v=1714984009&width=990,1
Afnan,AMBER IS GRET 100ML,,,0,-,-,006-0100003,https://qatar.zimayaperfumes.com/cdn/shop/files/AmberGreat.jpg?v=1732611902&width=600,1
Afnan,FATIMA VELVET LOVE 100ML,,,0,-,-,006-0100004,https://es.zimayaperfumes.com/cdn/shop/files/5_3dbc1543-676f-4e1a-92b5-f9d60a653f0b.png?v=1752489749&width=800,1
Afnan,FATIMA EXTRAIT 100ML,,,0,-,-,006-0100005,https://saudi.zimayaperfumes.com/cdn/shop/files/Fatima_38cb51ed-d842-4193-b311-90dd2ae13588.jpg?v=1759911119&width=800,1
Afnan,CULT BEST SELLER 100ML,,,0,-,-,006-0100006,https://i.ebayimg.com/images/g/5V8AAOSwZLBnJPvq/s-l1600.webp,1
Afnan,CHARISMA POUR HOMME 100ML,,,0,-,-,006-0100007,https://india.zimayaperfumes.com/cdn/shop/files/CharismaBlack.jpg?v=1754997138&width=800,1
Afnan,KHAFAYA HOMME ( BLUE ) 100ML,,,0,-,-,006-0100008,https://uae.zimayaperfumes.com/cdn/shop/files/KhafayaBlue.jpg?v=1776255550&width=800,1
Afnan,KHAFAYA FEMME ( PINK ) 100ML,,,0,-,-,006-0100009,https://m.media-amazon.com/images/I/91wJIJflx5L._SL1500_.jpg,1
Afnan,SHARAF BLEND 100ML,,,0,-,-,006-0100010,https://m.media-amazon.com/images/I/71sesAaY37L._SL1500_.jpg,1
Afnan,MAZAAJ INFUSED 100ML,,,0,-,-,006-0100012,https://uae.zimayaperfumes.com/cdn/shop/files/Mazaaj.jpg?v=1776255504&width=800,1
Afnan,MAZAAJ RHYTHM 100ML,,,0,-,-,006-0100013,https://es.zimayaperfumes.com/cdn/shop/files/MazaajRhythm-1.png?v=1759925216&width=800,1
Afnan,ZUKHRUF FEMME 100ML,,,0,-,-,006-0100014,https://m.media-amazon.com/images/I/811seOSLC5L._SL1500_.jpg,1
Afnan,OSCAR 100ML,,,0,-,-,006-0100015,https://m.media-amazon.com/images/I/81PUfF2gFCL._SL1500_.jpg,1
Afnan,REVERIE AQUA POUR HOMME 100ML,,,0,-,-,006-0100016,https://m.media-amazon.com/images/I/8198PoB7cyL._AC_SL1500_.jpg,1
Afnan,ITQAN NOIR 100ML,,,0,-,-,006-0100017,https://m.media-amazon.com/images/I/81ViBHCT9IL._SL1500_.jpg,1
Afnan,RAMSH IMPERIUM ( BLUE ) 100ML,,,0,-,-,006-0100018,https://m.media-amazon.com/images/I/71cXWtK3-pL._SL1500_.jpg,1
Afnan,ABADI SAGA ( BLACK ) 100ML,,,0,-,-,006-0100019,https://m.media-amazon.com/images/I/81c6BMONakL._SL1500_.jpg,1
Afnan,AL BARARI SHORE 100ML,,,0,-,-,006-0100020,https://zimayaperfumes.com/cdn/shop/files/84.png?v=1759924567&width=800,1
Afnan,GHYOOM 100ML,,,0,-,-,006-0100021,https://zimayaperfumes.com/cdn/shop/files/Ghyoom.jpg?v=1727354810&width=800,1
Afnan,WUJOOD 100ML,,,0,-,-,006-0100022,https://zimayaperfumes.com/cdn/shop/files/Wujood.jpg?v=1727354819&width=800,1
Afnan,SWAR AL DAHAB - ZIMAYA 100ML,,,0,-,-,006-0100023,https://zimayaperfumes.com/cdn/shop/files/SawarAlDahab.jpg?v=1727355184&width=800,1
Afnan,ONLY YOU 100ML,,,0,-,-,006-0100024,https://zimayaperfumes.com/cdn/shop/files/OnlyYou.jpg?v=1727354886&width=800,1
Afnan,REFLECT 100ML,,,0,-,-,006-0100025,https://m.media-amazon.com/images/I/61VQsSU5yaL._AC_SL1500_.jpg,1
Afnan,INFRAD NOIR EDITION 100ML,,,0,-,-,006-0100026,https://zimayaperfumes.com/cdn/shop/files/6.png?v=1741690884&width=800,1
Afnan,INFRAD LUXE EDITION 100ML,,,0,-,-,006-0100027,https://zimayaperfumes.com/cdn/shop/files/8.png?v=1741690918&width=800,1
Afnan,AL EMBRATUR ELIXIR 100ML,,,0,-,-,006-0100028,https://zimayaperfumes.com/cdn/shop/files/AlEmbraturBlack.jpg?v=1727355236&width=800,1
Afnan,AL EMBRATUR ABSOLU 100ML,,,0,-,-,006-0100029,https://es.zimayaperfumes.com/cdn/shop/files/3_887bea9f-3305-42de-a4d2-7f29f732d809.png?v=1766401205&width=800,1
Afnan,HAWWA RED 100ML,,,0,-,-,006-0100030,https://zimayaperfumes.com/cdn/shop/files/HawwaRed.jpg?v=1727354542&width=800,1
Afnan,DAIMAN ECLIPSE HOMME 100ML,,,0,-,-,006-0100031,https://m.media-amazon.com/images/I/71FC89CpPwL._SL1500_.jpg,1
Afnan,DAIMAN EDEN FEMME 100ML,,,0,-,-,006-0100032,https://m.media-amazon.com/images/I/713cD2+XFpL._SL1500_.jpg,1
Afnan,HAYAM 100ML,,,0,-,-,006-0100033,https://zimayaperfumes.com/cdn/shop/files/Hayam.jpg?v=1727354877&width=800,1
Afnan,TIRAMISU CARAMEL 100ML,,,0,-,-,006-0100034,https://zimayaperfumes.com/cdn/shop/files/Untitled_design_-_2024-12-31T120702.799.png?v=1735633075&width=800,1
Afnan,TIRAMISU S'MORES 100ML,,,0,-,-,006-0100035,https://ro.zimayaperfumes.com/cdn/shop/files/Tiramisu_Smores-1.png?v=1759925298&width=800,1
Allure,ALLURE COUTURE 100ML,,,0,-,-,001-02020501,,1
Allure,INTENSIO ALLURE 100ML,,,0,-,-,001-05050027,,1
Allure,PURE SPIRIT ALLURE 100ML,,,0,-,-,001-05050053,,1
Allure,AWARENESS BULLE EDITION 100ML,,,0,-,-,002-01010001,,1
Allure,AWARENESS PINK EDITION 100ML,,,0,-,-,002-01010002,,1
Allure,LEI CLUB SENIOR 100ML,,,0,-,-,002-01010003,,1
Allure,LEI CLUB JUNIOR 100ML,,,0,-,-,002-01010004,,1
Allure,THE XTREME U- NIQU-E 100ML,,,0,-,-,002-01010005,,1
Allure,VINTAGE SHAMROCK 100ML,,,0,-,-,002-01010006,https://gh.jumia.is/unsafe/fit-in/680x680/filters:fill(white)/product/78/9295003/1.jpg?0604,1
Allure,VINTAGE KEEP IN TOUCH 100ML,,,0,-,-,002-01010007,https://alhajisoman.com/cdn/shop/files/VintageKeepInTouchEdp100Ml3_be8f2cd2-951d-4f19-a350-64335f58ea43.webp?v=1756879534&width=1946,1
Allure,VINTAGE MORIESAPE 100ML,,,0,-,-,002-01010008,https://alhajisperfumes.com/cdn/shop/files/Moriecape_1_253b5854-c711-473e-948c-484f08d2586b.jpg?v=1757502953&width=1680,1
Allure,AQUILA ALLURE 100ML,,,0,-,-,002-01010011,https://parfumneked.hu/parfumneked/wp-content/uploads/2025/02/Laffair_parfum_de_muse_aquila_parfum_es_doboz.jpg,1
Allure,FAKHAM ALLURE 100ML,,,0,-,-,002-01010012,https://encrypted-tbn0.gstatic.com/images?q=tbn:ANd9GcQ7KSo_XCc1cXU4FzyUsGFtqLdazIuDdZJWQw&s,1
Allure,ROSEATE ALLURE 100ML,,,0,-,-,002-01010016,https://alhajisoman.com/cdn/shop/files/RoseateBloomgroup_ba15c47c-eecd-427d-bf64-8f19fc2fd436.jpg?v=1756879539&width=600,1
Allure,TOFY CARAMEL ALLURE 100ML,,,0,-,-,002-01010018,https://allureperfumesuae.com/cdn/shop/files/AllurePerfumes_7_4043aeaa-f357-49f5-acf7-c5408f215534.png?v=1758652251&width=1400,1
Allure,ATOOR FUSION ALLURE 100ML,,,0,-,-,002-01010020,https://allureperfumesuae.com/cdn/shop/files/AllurePerfumes_26.png?v=1758307110&width=1400,1
Allure,ICON D'ARABIE FARIS ALLURE 100ML,,,0,-,-,002-01010021,https://theflairstore.com/cdn/shop/files/FullSizeRender_c5d78bb2-a676-4a2f-8fe0-164d3e169221.jpg?v=1751629679&width=823,1
Allure,ALLURE - BODY MIST BLACK OPIUM 214 - 250ML,,,0,-,-,002-01010034,https://minispectra.co/wp-content/uploads/2023/05/Hi-Perfume-Body-Mist-Dark-Opium-Perfume-Splash-for-Women-250ml-3-scaled.jpg,1
Allure,ALLURE - BODY MIST MY WAY 220 - 250ML,,,0,-,-,002-01010035,https://static.sweetcare.com/img/prd/max/v-638119920654546260/giorgio-armani-013535gi_07.jpg,1
Allure,ALLURE - BODY MIST LACOSTE 311 - 250ML,,,0,-,-,002-01010037,https://scentaurus.pk/wp-content/uploads/2024/12/Lacoste-Touch-Of-Pink-Body-Mist-250ml.jpg,1
Allure,HOORAIN ALLURE 100ML,,,0,-,-,002-01010040,https://cocoparfemi.com/cdn/shop/files/AllurePerfumes_10_edit_256467928215913.jpg?v=1777049067&width=533,1
Allure,DORA ALLURE 100ML,,,0,-,-,002-01010041,https://cocoparfemi.com/cdn/shop/files/Dora_-Al-Atrab_-Parfum-Swiss-Arabian-Amraee-148508952_edit_166291108533073.jpg?v=1776911202&width=600,1
Allure,WARDROBE FEMME ALLURE 100ML,,,0,-,-,002-01010042,https://microless.com/cdn/products/87f96ffdb614ae6383df74fa49011c14-hi.jpg,1
Allure,WARDROBE HOMME ALLURE 100ML,,,0,-,-,002-01010043,https://media.vperfumes.com/products/Parfumania-Wardrobe-Homme-EDT-For-Men-100ML-1731389534113.webp?format=auto&width=640&quality=75,1
Allure,ATOOR MARSHMALLOW ALLURE 100ML,,,0,-,-,002-01010044,https://amraee.com/cdn/shop/files/Atoor-Marshmallow_-Al-Atrab_-Parfum-Allure-Amraee-148575677.jpg?v=1759234158,1
Allure,TOFY LATTE ALLURE 100ML,,,0,-,-,002-01010049,https://amraee.com/cdn/shop/files/Echantillons-de-parfums_-Parfum-Amraee-Amraee-153467979.jpg?v=1767344852,1
Allure,WHY NOT ALLURE 100ML,,,0,-,-,002-01010054,https://geniecollection.ps/cdn/shop/files/WHY-NOT-1.png?v=1759488812&width=1200,1
Allure,AMER ALLURE 100ML,,,0,-,-,002-01010058,https://geniecollection.ps/cdn/shop/files/AMER-L_AFFAIR.png?v=1759491454,1
Allure,ALLURE - BODY MIST VERSAE EROS 300 - 250ML,,,0,-,-,002-01010062,https://cdn11.bigcommerce.com/s-kg2w7z8739/images/stencil/1280x1280/products/12294/60387/M-282__21418.1731682107.jpg?c=1,1
Allure,ALLURE - BODY MIST CREED AVENTUS 350 - 250ML,,,0,-,-,002-01010064,https://cdn11.bigcommerce.com/s-kg2w7z8739/images/stencil/1280x1280/products/12290/42295/M-275__94145.1731682101.jpg?c=1,1
Allure,KHALIFA ALLURE 100ML,,,0,-,-,002-01010065,,1
Allure,ACHIEVER VITORY ALLURE 100ML,,,0,-,-,002-01010067,https://geniecollection.ps/cdn/shop/files/L_affair-ACHIEVER.png?v=1759498036,1
Allure,LUNE INTENSE ALLURE 100ML,,,0,-,-,002-01010068,https://theflairstore.com/cdn/shop/files/IMG-9864.jpg?v=1763720248&width=1680,1
Allure,PARFUM DE MUSE ( VELMA) VAIYA ALLURE 100ML,,,0,-,-,002-01010072,https://http2.mlstatic.com/D_NQ_NP_872995-MLA111190415601_052026-O.webp,1
Allure,ROBO ELIXIR ALLURE 100ML,,,0,-,-,002-01010073,https://parfumneked.hu/parfumneked/wp-content/uploads/2025/09/Laffair_robo_elixir_parfum_es_doboz.jpg,1
Allure,ROBO REBEL ALLURE 100ML,,,0,-,-,002-01010074,https://allureperfumesuae.com/cdn/shop/files/AllurePerfumes_69.png?v=1758650733,1
Allure,ROBO STUD ALLURE 100ML,,,0,-,-,002-01010075,https://gh.jumia.is/unsafe/fit-in/680x680/filters:fill(white)/product/26/3537003/1.jpg?4233,1
Allure,JABAL ALLURE 100ML,,,0,-,-,002-01010077,https://allureperfumesdubai.com/wp-content/uploads/2025/08/caixa-jabal-eau-de-parfum-unisex-Parfum-allure-perfumaria-de-luxo-720x720.webp,1
Allure,LEEN ALLURE 100ML,,,0,-,-,002-01010078,,1
Allure,REEM ALLURE 100ML,,,0,-,-,002-01010079,,1
Allure,WAHM ALLURE 100ML,,,0,-,-,002-01010080,,1
Allure,ALLURE - BODY MISTARMANI STRONGER 325 - 250ML,,,0,-,-,002-01010081,,1
Allure,LUREE GLOW ALLURE 100ML,,,0,-,-,002-01010087,https://fragrances.com.ng/media/catalog/product/cache/74c1057f7991b4edb2bc7bdaa94de933/l/_/l_affair_luree_glow_edp_100ml.jpg,1
Ard Al Zaafaran,SAHARI - BINT HOORAN 100ML,,,0,-,-,001-04040004,,1
Ard Al Zaafaran,HAREEM SULTAN GOLD SPRAY 75ML,,,0,-,-,001-05050020,,1
Ard Al Zaafaran,HAREEM SULTAN GOLD 35ML,,,0,-,-,001-05050073,,1
Ard Al Zaafaran,HAREEM SULTAN ANTIQUE 35ML,,,0,-,-,001-05050074,,1
Ard Al Zaafaran,HAREEM SULTAN SILVER 35ML,,,0,-,-,001-05050075,,1
Ard Al Zaafaran,AF HAREEM SULTAN GOLD 320ML,,,0,-,-,001-05051035,,1
Ard Al Zaafaran,MOUSUF BROWN 100ML,,,0,-,-,004-0100001,https://m.media-amazon.com/images/I/81dAPXY7kNL._SL1500_.jpg,1
Ard Al Zaafaran,MOUSUF RAMADI 100ML,,,0,-,-,004-0100004,https://m.media-amazon.com/images/I/81+kkdTqiwL._AC_SL1500_.jpg,1
Ard Al Zaafaran,MOUSUF DAISY 100ML,,,0,-,-,004-0100005,https://www.opulensi.com/cdn/shop/files/Ard_Al_Zaafaran_Mousuf_Daisy_Perfume_100ml_EDP_For_Women_bottle_with_white_pouch_and_pink_tassel.jpg?v=1768159847,1
Ard Al Zaafaran,HEIBAH 50ML,,,0,-,-,004-0100014,https://kikilunabeauty.com/cdn/shop/files/F3CDEF65-0CEF-41C8-A6C5-2474EACE4CEF-jpg-webp_1.jpg?v=1749599138,1
Ard Al Zaafaran,DIRHAM ROLL ON 10ML,,,0,-,-,004-0100017,https://m.media-amazon.com/images/I/51v8wylbwHL._AC_SL1000_.jpg,1
Ard Al Zaafaran,BINT HOORAN ROLL ON 10ML,,,0,-,-,004-0100020,https://ayafragrances.com/cdn/shop/files/background_11_of_31.jpg?v=1732643737&width=1680,1
Ard Al Zaafaran,ROSE PARIS ROLL ON 10ML,,,0,-,-,004-0100023,https://lamilas.com.au/cdn/shop/files/Rose-Paris-Roll-On-Perfume.png?v=1764032031&width=1920,1
Ard Al Zaafaran,AHLAM AL ARAB ROLL ON 10ML,,,0,-,-,004-0100024,https://alrashad.com/cdn/shop/products/ahlam_arab_10ml-3_1350x1800.jpg?v=1668634429,1
Ard Al Zaafaran,طقم GIFT SET MOUSUF - 3PCS,,,0,-,-,004-0100026,https://smileeurope.co.uk/cdn/shop/files/Mousuf-3-Piece-Gift-Set-Collection-Ard-Al-Zaafaran-Ard-Al-Zaafaran-31918323.jpg?v=1728557275&width=713,1
Ard Al Zaafaran,SAFEER AL HUB EVERLASTING 100ML,,,0,-,-,004-0100028,https://ardalzaafaranshop.com/cdn/shop/files/Ard_Product_Images_5_1080x1080.png?v=1734350268,1
Ard Al Zaafaran,BAB AL HAMRA 100ML,,,0,-,-,004-0100029,https://lamilas.com.au/cdn/shop/files/Bab-Al-Hamra-Ard-Al-Zaafaran_-12723749.png?v=1750683465&width=1920,1
Ard Al Zaafaran,BAB AL ALWARDI 100ML,,,0,-,-,004-0100030,https://ardalzaafaranshop.com/cdn/shop/files/Ard_Product_Images_34_1080x1080.png?v=1734358486,1
Ard Al Zaafaran,AMIRAL 100ML,,,0,-,-,004-0100031,https://m.media-amazon.com/images/I/51AYaJLzD0L._AC_SL1179_.jpg,1
Ard Al Zaafaran,ALBAZ 100ML,,,0,-,-,004-0100033,https://www.oriental-style.de/cdn/shop/files/ac12d52ae0e914101e2bad72f887e0a3.png?v=1776696921&width=1000,1
Ard Al Zaafaran,FOREVER SILVER RED 100ML,,,0,-,-,004-0100034,https://ardalzaafaranshop.com/cdn/shop/files/Ard_Product_Images_12_1080x1080.png?v=1734406973,1
Ard Al Zaafaran,FOREVER GOLD BLUE 100ML,,,0,-,-,004-0100035,https://ardalzaafaranshop.com/cdn/shop/files/Ard_Product_Images_11_1080x1080.png?v=1734406974,1
Ard Al Zaafaran,AL DIRGHAM SPECIAL EDITION 100ML,,,0,-,-,004-0100036,https://www.aarfragrances.com/public/uploads/all/69789d4249aad.webp,1
Ard Al Zaafaran,AL HUR SO WILD 100ML,,,0,-,-,004-0100038,https://ardalzaafaranshop.com/cdn/shop/files/Ard_Product_Images_23_1080x1080.png?v=1734355282,1
Ard Al Zaafaran,AL HUR SO INTENSE 100ML,,,0,-,-,004-0100039,https://ardalzaafaranshop.com/cdn/shop/files/Ard_Product_Images_22_1080x1080.png?v=1734355090,1
Ard Al Zaafaran,SHAMS AL EMARAT KHUSUSI WITH DEO 100ML,,,0,-,-,004-0100040,https://m.media-amazon.com/images/I/61k-PvAS+mL._AC_SL1000_.jpg,1
Ard Al Zaafaran,DALOATE ANA 100ML,,,0,-,-,004-0100041,https://bplatz.de/cdn/shop/files/Ard_Al_Zaafaran_Perfume_Daloate_Ana.webp?v=1756820670&width=990,1
Ard Al Zaafaran,SHAHRAZAD 100ML,,,0,-,-,004-0100042,https://m.media-amazon.com/images/I/71XgtqHO-pL._SL1080_.jpg,1
Ard Al Zaafaran,THARA AL OUD 100ML,,,0,-,-,004-0100044,https://ardalzaafaranshop.com/cdn/shop/files/101_1080x1080.png?v=1734517872,1
Ard Al Zaafaran,THARA AL OUD SUPREME INTENSE 100ML,,,0,-,-,004-0100045,https://m.media-amazon.com/images/I/51rFC2ASRDL._AC_.jpg,1
Ard Al Zaafaran,GHALITY 100ML,,,0,-,-,004-0100046,https://m.media-amazon.com/images/I/61o9yJVJEyL._SL1000_.jpg,1
Ard Al Zaafaran,LIWAN 100ML,,,0,-,-,004-0100047,https://ardalzaafaranshop.com/cdn/shop/files/64_1080x1080.png?v=1734443580,1
Ard Al Zaafaran,HAYAATI 100ML,,,0,-,-,004-0100050,https://m.media-amazon.com/images/I/61joSwtGvML._SL1401_.jpg,1
Ard Al Zaafaran,HAYAATI EXOTIC 100ML,,,0,-,-,004-0100051,https://m.media-amazon.com/images/I/41Ufa5P0qKL.jpg,1
Ard Al Zaafaran,HAYAATI WOMAN PINK 100ML,,,0,-,-,004-0100052,https://ardalzaafaranshop.com/cdn/shop/files/Ard_Product_Images_16_8acb8ebd-cac9-4462-a839-115d9da2a2fb_1080x1080.png?v=1734407141,1
Ard Al Zaafaran,BINT HOORAN ROSE PASSION 100ML,,,0,-,-,004-0100053,https://i0.wp.com/perfumesforlessng.com/pfl-content/uploads/2024/11/Bint-Hooran-Rose-Passion-100ml-EDP-Ard-Al-Zaafaran.png?w=500&ssl=1,1
Ard Al Zaafaran,SAHEB 70ML,,,0,-,-,004-0100054,https://m.media-amazon.com/images/I/51iKiCRoeEL._SL1080_.jpg,1
Ard Al Zaafaran,SAHEB INTENSE 70ML,,,0,-,-,004-0100055,https://m.media-amazon.com/images/I/5166s1gUIZL._SL1000_.jpg,1
Ard Al Zaafaran,SAHEB IAL JAMAL 70ML,,,0,-,-,004-0100056,https://www.intenseoud.com/cdn/shop/files/4_cfd8555e-3102-4e22-8efc-80b290cd4e44.webp?v=1778008742,1
Ard Al Zaafaran,SUDFA 100ML,,,0,-,-,004-0100057,https://ardalzaafaranshop.com/cdn/shop/files/1_6239a74d-2fb0-46db-8950-27cbc9e45ce8_1080x1080.png?v=1778825210,1
Ard Al Zaafaran,ANEESA 100ML,,,0,-,-,004-0100058,https://ardalzaafaranshop.com/cdn/shop/files/3_c28aecd8-758e-437b-9c73-cab0ad5f1a70_1080x1080.png?v=1778824118,1
Ard Al Zaafaran,SAFEER AL WARD 100ML,,,0,-,-,004-0100059,https://cdn11.bigcommerce.com/s-sp9oc95xrw/images/stencil/1280x1280/products/57335/140198/PRODUCT_IMAGE_-_2025-12-31T113405.075__38443.1767173723.png?c=2?imbypass=on,1
Ard Al Zaafaran,COLLECTION MOUSUF 50ML,,,0,-,-,004-0100060,https://pavi.ng/storage/app/public/product/2024-07-22-669e41af6f746.png,1
Ard Al Zaafaran,JAZZAB SILVER 100ML,,,0,-,-,004-0100067,https://m.media-amazon.com/images/I/61TOcCrFHbL._AC_SL1000_.jpg,1
Ard Al Zaafaran,AHLAM AL KHALEEJ 80ML,,,0,-,-,004-0100069,https://bplatz.de/cdn/shop/files/Ard_Al_Zaafaran_Ahlam_Al_Khaleej_Eau_de_Parfum_80ml.jpg?v=1756818907&width=823,1
Ard Al Zaafaran,SATWA 100ML,,,0,-,-,004-0100070,https://ardalzaafaranshop.com/cdn/shop/files/97_1080x1080.png?v=1734517510,1
Ard Al Zaafaran,AL IBDAA MEN SILVER 100ML,,,0,-,-,004-0100073,https://ardalzaafaranshop.com/cdn/shop/files/120_be364be7-e095-4995-bd87-490acb878584_1080x1080.png?v=1734531124,1
Ard Al Zaafaran,MITHQAL100ML,,,0,-,-,004-0100074,https://ardalzaafaranshop.com/cdn/shop/files/74_abfc24fe-e1bd-4c84-b084-163fbeda4933_1080x1080.png?v=1734446984,1
Ard Al Zaafaran,HEIBAH 100ML,,,0,-,-,004-0100075,https://m.media-amazon.com/images/I/512RwYg7IHL._AC_SL1000_.jpg,1
Ard Al Zaafaran,QIDWAH 85ML,,,0,-,-,004-0100076,https://ardalzaafaranshop.com/cdn/shop/files/88_1080x1080.png?v=1734449544,1
Ard Al Zaafaran,MANGO MUSK 100ML,,,0,-,-,004-0100077,https://www.bigw.com.au/medias/sys_master/images/images/h7e/h94/137015235018782.jpg,1
Ard Al Zaafaran,PISTACHIO MUSK 100ML,,,0,-,-,004-0100078,https://bplatz.de/cdn/shop/files/Ard_Al_Zaafaran_Perfume_Pistachio_-_Ithra_Dubai_Musk_Eau_de_Parfum_100_ml.webp?v=1756820517&width=990,1
Ard Al Zaafaran,POMEGRANATE MUSK 100ML,,,0,-,-,004-0100079,https://i5.walmartimages.com/seo/Pomegranate-Musk-Ithra-Dubai-Collection-EDP-100ML-3-4-OZ-by-Ard-Al-Zaafaran_e973ac0b-5d41-48c7-bb39-0e0fb46c07b9.beaa153fe31994df809857b101b77f2e.png,1
Ard Al Zaafaran,MEETHAQ 100ML,,,0,-,-,004-0100080,https://m.media-amazon.com/images/I/71odfPLFRjL._SL1080_.jpg,1
Ard Al Zaafaran,MEETHAQ EXTRAIT DE ROUGE 100ML,,,0,-,-,004-0100081,https://bplatz.de/cdn/shop/files/Ard_Al_Zaafaran_Meethaq_Extrait_de_Rouge_Eau_de_Parfum_100ml.jpg?v=1756818890&width=990,1
Ard Al Zaafaran,BAREQ 100ML,,,0,-,-,004-0100082,https://www.intenseoud.com/cdn/shop/files/1_31237cdf-6481-42c2-afd2-10279544e639.webp?v=1774791516,1
Ard Al Zaafaran,BAREQ MIRAGE 100ML,,,0,-,-,004-0100083,https://www.intenseoud.com/cdn/shop/files/2_d2d707c2-daa8-428a-99e0-062186b4039d.webp?v=1778016611,1
Ard Al Zaafaran,AHUBBAK 100ML,,,0,-,-,004-0100084,https://www.opulensi.com/cdn/shop/files/Ahubbak_Love_in_Paris_100ml_box_and_bottle.jpg?v=1734646253&width=713,1
Ard Al Zaafaran,EFTINAAN 100ML,,,0,-,-,004-0100085,https://m.media-amazon.com/images/I/81qZNpyNBcL._SL1080_.jpg,1
Ard Al Zaafaran,MUSHRIF 100ML,,,0,-,-,004-0100086,https://bplatz.de/cdn/shop/files/Ard_Al_Zaafaran_Parfum_Mushrif_Eau_de_Parfum_100ml.jpg?v=1756820609&width=990,1
Ard Al Zaafaran,OUD FAZZA 100ML,,,0,-,-,004-0100087,https://m.media-amazon.com/images/I/81JrZuA7PdL._AC_SL1500_.jpg,1
Ard Al Zaafaran,AHLAM AL ARAB WITH DEO 80ML+50ML,,,0,-,-,004-0100089,https://m.media-amazon.com/images/I/51ZpPxCjFML._AC_.jpg,1
Ard Al Zaafaran,AJMAL EHSAS BIOOM 100ML,,,0,-,-,004-0100091,https://hanafragrance.com/cdn/shop/files/Ajmal_Ehsas_Bloom_EDP_Ard_Al_Zaafaran_perfume.webp?crop=center&height=900&v=1743955745&width=900,1
Ard Al Zaafaran,DIRHAM EITH DEO100ML+50ML,,,0,-,-,004-0100092,https://m.media-amazon.com/images/I/61XzMVEzYVL._SL1080_.jpg,1
Ard Al Zaafaran,DIRHAM WARDI 100ML,,,0,-,-,004-0100093,https://m.media-amazon.com/images/I/710s47995sL._SL1500_.jpg,1
Ard Al Zaafaran,DIRHAM GOLDI 100ML,,,0,-,-,004-0100094,https://ardalzaafaranshop.com/cdn/shop/files/Ard_Product_Images_5_902eb6fe-fb80-46c6-aef2-7def624375f6_1080x1080.png?v=1734404633,1
Ard Al Zaafaran,DIRHAM OUD 100ML,,,0,-,-,004-0100095,https://ambientbeauty.uk/cdn/shop/files/ARD-AL-ZAAFARAN-Dirham-Oud-Eau-De-Parfum-100ml.jpg?v=1742090617,1
Ard Al Zaafaran,DESERT SULTAN SAPHIRE 100ML,,,0,-,-,004-0100096,https://ardalzaafaranshop.com/cdn/shop/files/ArdProductImages_3_06a33ea0-b76d-42a7-b89e-64fbc7eb6a77_1080x1080.png?v=1734404602,1
Ard Al Zaafaran,ROSE PARIS WITH DEO 100ML+50ML,,,0,-,-,004-0100097,https://i.ebayimg.com/images/g/eDsAAOSwI4BgzSz4/s-l960.webp,1
Ard Al Zaafaran,ANOUD 100ML,,,0,-,-,004-0100098,https://emiratesoud.co.uk/cdn/shop/files/Anoud-100ml-EDP-Ard-Al-Zaafaran-179809256.png?v=1762026332&width=600,1
Ard Al Zaafaran,SAHER AL LAYALI 100ML,,,0,-,-,004-0100099,https://www.intenseoud.com/cdn/shop/files/1_fe46eee8-8f2b-488e-94aa-16db0678abd5.jpg?v=1774752512,1
Ard Al Zaafaran,ALORA 100ML,,,0,-,-,004-0100100,https://m.media-amazon.com/images/I/617yFvzu9lL._SL1080_.jpg,1
Ard Al Zaafaran,AL BATAL 100ML,,,0,-,-,004-0100101,https://emiratesoud.co.uk/cdn/shop/files/Al-Batal-Perfume-100ml-EDP-by-Ard-Al-Zaafaran-169960398.jpg?v=1750904963&width=600,1
Ard Al Zaafaran,طقم GIFT SET ROSE PARIS NIGHT - 3PCS,,,0,-,-,004-0100102,https://emiratesoud.co.uk/cdn/shop/files/GiftSet_0006_Gift-Set-Rose-Paris-Night-Ard-Al-Zaafran-min.jpg?v=1713058968&width=600,1
Ard Al Zaafaran,طقم GIFT SET SHAMS AL EMARAT KHUSUSI - 3PCS,,,0,-,-,004-0100103,https://www.opulensi.com/cdn/shop/files/ShamsAlEmaratKhususiGiftSetmainimage2.jpg?v=1728522495&width=713,1
Ard Al Zaafaran,طقم GIFT SET OUD ROMANCEA- 3PCS,,,0,-,-,004-0100104,https://emiratesoud.co.uk/cdn/shop/files/Oud-Romancea-Gift-Set-3-Piece-Ard-Al-Zaafaran-168879549.jpg?v=1748382649&width=600,1
Ard Al Zaafaran,طقم GIFT SET TURAB AL DHAHAB - 3PCS,,,0,-,-,004-0100106,https://emiratesoud.co.uk/cdn/shop/files/Turab-Al-Dahab-Gift-Set-3-Piece-300ml-Ard-Al-Zaafaran-168879723.jpg?v=1748382859&width=600,1
Ard Al Zaafaran,طقم GIFT SET HAREEM AL SUITAN - 3PCS,,,0,-,-,004-0100107,https://emiratesoud.co.uk/cdn/shop/files/Hareem-Al-Sultan-Gift-Set-3-Piece-Ard-Al-Zaafaran-168879881.jpg?v=1748382874&width=600,1
Armaf,CABALLO 100ML,,,0,-,-,001-03030002,https://m.media-amazon.com/images/I/61BloxkYLML._SL1200_.jpg,1
Armaf,LE PARFAIT HOMME 100ML,,,0,-,-,001-03030004,https://m.media-amazon.com/images/I/71i2zkz67YL._AC_SL1500_.jpg,1
Armaf,LEGASI EDP FOR MEN 100ML,,,0,-,-,001-03030006,https://m.media-amazon.com/images/I/61z+vIUCYdL._AC_SL1500_.jpg,1
Armaf,CLUB DE NUIT RED UNTOLD 100ML,,,0,-,-,001-03030009,https://m.media-amazon.com/images/I/61whIDo-bdL._SL1280_.jpg,1
Armaf,CLUB DE NUIT INTENSE (M) 105ML,,,0,-,-,001-03030012,https://m.media-amazon.com/images/I/61xqXyVpYrL._SL1480_.jpg,1
Armaf,CLUB DE NUIT WOMAN 105ML,,,0,-,-,001-03030014,https://m.media-amazon.com/images/I/61YxW7FhNXL._SL1500_.jpg,1
Armaf,CLUB DE NUIT MILESTONE 200ML,,,0,-,-,001-03030019,https://m.media-amazon.com/images/I/511RyGqxgPL._SL1200_.jpg,1
Armaf,OASIS FOR ARMAF ETER 100ML,,,0,-,-,001-03030026,https://m.media-amazon.com/images/I/71D+pEKzlGL._SL1200_.jpg,1
Armaf,SENSUELLE 100ML,,,0,-,-,001-03030028,https://www.myperfumeshop.qa/cdn/shop/files/2_a4484ee1-d8f4-4ec2-9ece-22d8a01f5611.webp?v=1755106982&width=500,1
Armaf,LETS BE STRONG 100ML,,,0,-,-,001-03030030,https://m.media-amazon.com/images/I/61vfjqkZhjL._SL1080_.jpg,1
Armaf,VALLEY OF LOVE 100ML,,,0,-,-,001-03030032,https://m.media-amazon.com/images/I/71BjzMVgmkL._SL1500_.jpg,1
Armaf,KASHMIR 100ML,,,0,-,-,001-03030034,https://sedgars.com/cdn/shop/files/2_5a524361-ae27-49b3-b537-36afefc4c772.jpg?v=1741271584,1
Armaf,AN ISLAND 100ML,,,0,-,-,001-03030035,https://m.media-amazon.com/images/I/61Jf97jYOEL._SL1080_.jpg,1
Armaf,JOCKEY 100ML,,,0,-,-,001-03030037,https://m.media-amazon.com/images/I/71uzKr3agyL._SL1080_.jpg,1
Armaf,MEYDAN 100ML,,,0,-,-,001-03030038,https://m.media-amazon.com/images/I/61E6iP43JrL._SL1080_.jpg,1
Armaf,HOPE 100ML,,,0,-,-,001-03030039,https://m.media-amazon.com/images/I/61BDanydSVL._SL1080_.jpg,1
Armaf,OUD ASWAD 100ML,,,0,-,-,001-03030040,https://m.media-amazon.com/images/I/71h4d8yCdUL._SL1080_.jpg,1
Armaf,TIME TO LOVE 100ML,,,0,-,-,001-03030041,https://m.media-amazon.com/images/I/614dN++CGEL._SL1080_.jpg,1
Armaf,BLUE BOMB EXTREME 100ML,,,0,-,-,001-03030043,https://m.media-amazon.com/images/I/61CHk6lRAsL._SL1080_.jpg,1
Armaf,UNIQUE BLEND 100ML,,,0,-,-,001-03030044,https://m.media-amazon.com/images/I/61kLCAmX4uL._SL1080_.jpg,1
Armaf,LAHN ALWARD 75ML,,,0,-,-,001-03030045,https://m.media-amazon.com/images/I/71uXhfXYFZL._SL1080_.jpg,1
Armaf,AL LULUA AL HAMRAA 110ML,,,0,-,-,001-03030046,https://m.media-amazon.com/images/I/71STIXUwkUL._SL1080_.jpg,1
Armaf,EMIR AL SAHARA'A 90ML,,,0,-,-,001-03030047,https://m.media-amazon.com/images/I/61UoEixCiKL._AC_SL1080_.jpg,1
Armaf,MUSIC OF OUD 100ML,,,0,-,-,001-03030048,https://m.media-amazon.com/images/I/61-+trZ1NAL._SL1080_.jpg,1
Armaf,NUJOOM AL LAYL 120ML,,,0,-,-,001-03030049,https://m.media-amazon.com/images/I/815UtgAWvFL._SL1500_.jpg,1
Armaf,REHAT AL ZAHOOR 100ML,,,0,-,-,001-03030050,https://m.media-amazon.com/images/I/71s-X6tOOoL._SL1080_.jpg,1
Armaf,PEACH HONEY 100ML,,,0,-,-,001-03030051,https://m.media-amazon.com/images/I/51kYW+BdQgL._AC_SL1000_.jpg,1
Armaf,APOLLO (M) 100ML,,,0,-,-,001-03030052,https://m.media-amazon.com/images/I/61N24I+IxuS._AC_SL1200_.jpg,1
Armaf,CYGNUS (W) 100ML,,,0,-,-,001-03030054,https://m.media-amazon.com/images/I/61aW882cFVS._SL1200_.jpg,1
Armaf,LAVIA BELLE 100ML,,,0,-,-,001-03030055,https://i.ebayimg.com/images/g/groAAOSwx9BmjEcP/s-l1600.webp,1
Armaf,FLAVIA E'CLAT DE ROSIER 90ML,,,0,-,-,001-03030057,https://fimgs.net/mdimg/secundar/o.114347.jpg,1
Armaf,FLAVIA FAB 90ML,,,0,-,-,001-03030058,https://fimgs.net/mdimg/secundar/o.114333.jpg,1
Armaf,INSIGNIA ARGENT 100ML,,,0,-,-,001-03030060,https://m.media-amazon.com/images/I/61vQ9Sq4IFL._SL1080_.jpg,1
Armaf,INSIGNIA OR 100ML,,,0,-,-,001-03030061,,1
Armaf,LEGACY NEFERTITI 100ML,,,0,-,-,001-03030063,https://m.media-amazon.com/images/I/61S-wApBzCL._SL1080_.jpg,1
Armaf,PANTHEON HAMIDI 100ML,,,0,-,-,001-03030066,https://fimgs.net/mdimg/secundar/o.110377.jpg,1
Armaf,SAYF ALMAJD 105ML,,,0,-,-,001-03030067,https://m.media-amazon.com/images/I/71TK+I1dSPL._SL1500_.jpg,1
Armaf,AL AZEEM 110ML,,,0,-,-,001-03030069,https://americanas.vtexassets.com/arquivos/ids/17496286-768-auto/7514270122_1_xlarge.webp?v=638754772665470000&quality=9,1
Armaf,ELIXIR 105ML,,,0,-,-,001-03030070,https://www.khanelkhaliliusa.com/cdn/shop/files/s-l1200-8_2048x2048.jpg?v=1742337167,1
Armaf,ODYSSEY CANDEE SPECIAL EDITION 100ML,,,0,-,-,001-03030077,https://m.media-amazon.com/images/I/61MWxzic70L._SL1500_.jpg,1
Armaf,LE PARFAIT POUR FAMME PANACHE 100ML,,,0,-,-,001-03030080,https://m.media-amazon.com/images/I/71rYFb-CZPL._SL1500_.jpg,1
Armaf,ODYSSEY AOUD 100ML,,,0,-,-,001-03030082,https://m.media-amazon.com/images/I/71bfmK1QOJL._SL1500_.jpg,1
Armaf,DESERT FLOWER FOR ARMAF ETER 100ML,,,0,-,-,001-03030085,,1
Armaf,DESERT BREEZE FOR ARMAF ETER 100ML,,,0,-,-,001-03030087,,1
Armaf,MAGICAL OUD FOR ARMAF ETER 100ML,,,0,-,-,001-03030088,,1
Armaf,EGO EXOTIC FOR WOMEN 100ML,,,0,-,-,001-03030092,https://m.media-amazon.com/images/I/71E7U7yKDiL._AC_SL1200_.jpg,1
Armaf,FLAVIA - CORAL -100ML,,,0,-,-,001-03030101,https://valenciaperfumes.com/cdn/shop/files/37E74210-C9F7-473B-BB10-47BBE77D9831.png?v=1759440749&width=713,1
Armaf,LEAU DE PARME 100ML,,,0,-,-,001-03030126,https://m.media-amazon.com/images/I/71GXXirA3HL._SL1500_.jpg,1
Armaf,LACRUZ POUR FEMME 100ML,,,0,-,-,001-03030129,https://m.media-amazon.com/images/I/71a18N87hIS._AC_SL1200_.jpg,1
Armaf,ARMAF INFINITY GOLD105ML,,,0,-,-,001-03030131,https://m.media-amazon.com/images/I/711LSKubfgL._SL1500_.jpg,1
Armaf,ARMAF ISLAND BLISS100ML,,,0,-,-,001-03030133,https://m.media-amazon.com/images/I/615n+cTcA8L._SL1200_.jpg,1
Armaf,CLUB DE NUIT HERITAGE LIONHEART WOMAN 100ML,,,0,-,-,001-03030136,https://fimgs.net/mdimg/secundar/o.127092.jpg,1
Armaf,ODYSSEY DUBAI DXB CHOCOLAT 100ML,,,0,-,-,001-03030137,https://fimgs.net/mdimg/secundar/o.127119.jpg,1
Armaf,ARMAF SHK I - 100ML,,,0,-,-,001-03030141,https://armaf.uk/cdn/shop/files/SHKI-4.jpg?v=1774970820&width=5000,1
Armaf,CLUB DE NUITWOMAN TRAVEL SET WHITE 100ML,,,0,-,-,001-03030144,https://arabicparfums.com/cdn/shop/files/Images_2_2fbfbddf-6805-418f-8c83-5850a79e4569.jpg?crop=center&height=2048&v=1771074806&width=2048,1
Armaf,ENCHANTE BY JG 100ML,,,0,-,-,001-03030149,https://www.ferwer.com/images/jenny-glow-enchante-10853-1-l.webp,1
Armaf,NAJMA CAPELLA 100ML,,,0,-,-,001-03030152,https://fimgs.net/mdimg/secundar/o.130180.jpg,1
Armaf,PISTA KUNAFA 100ML,,,0,-,-,001-03030154,https://fimgs.net/mdimg/secundar/o.130190.jpg,1
Armaf,RISALA ELITE/ AROOSAT AL ARAB 100ML,,,0,-,-,001-03030155,https://cdn.brastygroup.eu/images/w1400/6294015198881-3.webp?v=1763708163,1
Armaf,RISALA ELITE KEFI FRAPPE 100ML,,,0,-,-,001-03030156,https://fimgs.net/mdimg/secundar/o.130245.jpg,1
Armaf,RISALA ELITE KEFI LATTE 100ML,,,0,-,-,001-03030157,https://m.media-amazon.com/images/I/715v2rQEihL._SL1500_.jpg,1
Armaf,RISALA ELITE FRUITY BLISS 100ML,,,0,-,-,001-03030158,https://m.media-amazon.com/images/I/81P0xr+u5rL._SL1500_.jpg,1
Armaf,SURUR 100ML,,,0,-,-,001-03030161,https://m.media-amazon.com/images/I/71ZTdU+m4sL._SL1500_.jpg,1
Armaf,TAG HIM 200ML,,,0,-,-,001-03031012,https://m.media-amazon.com/images/I/61+Q9WVnm+L._SL1500_.jpg,1
Armaf,A/F AMALIA 300ML,,,0,-,-,001-03031029,https://www.intenseoud.com/cdn/shop/files/2_496fde59-b28b-4d0f-933b-c2a1500f1164.webp?v=1774805827,1
Bakhoor / Accessories,GLASS BURNERS - مباخر,,,0,-,-,003-01010003,,1
Bakhoor / Accessories,بخور ر LAILAT AL KHAMEES 50GRAM,,,0,-,-,003-01010005,,1
Bakhoor / Accessories,SHAHAD (MABSOOS) 40GRAM مبسوس,,,0,-,-,003-01010006,,1
Bakhoor / Accessories,RAHEEB (BAKHOOR) 50GRAM,,,0,-,-,003-01010007,,1
Bakhoor / Accessories,SODFA (BAKHOOR) 50GRAM,,,0,-,-,003-01010008,,1
Bakhoor / Accessories,BATOOL (BAKHOOR) 40GRAM مبسوس,,,0,-,-,003-01010009,,1
Bakhoor / Accessories,ARWA (BAKHOOR) 40GRAM مبسوس,,,0,-,-,003-01010010,,1
Bakhoor / Accessories,JAMEEL (BAKHOOR) 40GRAM مبسوس,,,0,-,-,003-01010011,,1
Bakhoor / Accessories,MARIA (BAKHOOR) 40GRAM مبسوس,,,0,-,-,003-01010012,,1
Bakhoor / Accessories,RIMAAL (BAKHOOR) 40GRAM بخور,,,0,-,-,003-01010013,,1
Bakhoor / Accessories,ABDA (BAKHOOR) 50GRAM بخور,,,0,-,-,003-01010015,,1
Bakhoor / Accessories,MAJALIS (BAKHOOR) 50GRAM بخور,,,0,-,-,003-01010016,,1
Bakhoor / Accessories,SAMOU AL OUDH (BAKHOOR) 40GRAM بخور,,,0,-,-,003-01010017,,1
Bakhoor / Accessories,MARYAM (BAKHOOR) 40GRAM بخور,,,0,-,-,003-01010018,,1
Bakhoor / Accessories,AL BAHAAR (BAKHOOR) 55GRAM بخور اقراص,,,0,-,-,003-01010019,,1
Bakhoor / Accessories,AL BAHAAR GOLD (BAKHOOR) 55GRAM بخور اقراص,,,0,-,-,003-01010022,,1
Bakhoor / Accessories,KHAWATEER (BAKHOOR) 35GRAM بخور,,,0,-,-,003-01010024,,1
Bakhoor / Accessories,OUD MUATTAR GHANATI 100GRAM بخور,,,0,-,-,003-01010025,,1
Bakhoor / Accessories,HAYA BAKHOORI 100GRAM بخور,,,0,-,-,003-01010026,,1
Bakhoor / Accessories,SHAHD BAKHOOR 100GRAM بخور,,,0,-,-,003-01010027,,1
Bakhoor / Accessories,MOHRA SILKY ROSE BAKHOOR 100GRAM بخور,,,0,-,-,003-01010030,,1
Beauty & Perfume International BPI,ANGEL PARADISE 100ML,,,0,-,-,001-04040001,,1
Beauty & Perfume International BPI,AL MAS THE DIAMOND 100ML,,,0,-,-,001-04040002,,1
Beauty & Perfume International BPI,ARMOUR MAN 100ML,,,0,-,-,001-04040003,,1
Beauty & Perfume International BPI,BONITA LA ROSE 100ML,,,0,-,-,001-04040007,,1
Beauty & Perfume International BPI,BONITA WOMAN 100ML,,,0,-,-,001-04040009,,1
Beauty & Perfume International BPI,CONTRA EXQUISITE LATIN 100ML,,,0,-,-,001-04040010,,1
Beauty & Perfume International BPI,DOME TWILIGHT 90ML,,,0,-,-,001-04040015,,1
Beauty & Perfume International BPI,ELDORADO AVENUE 100ML,,,0,-,-,001-04040016,,1
Beauty & Perfume International BPI,ELYSIA IDEAL INTENSE 100ML,,,0,-,-,001-04040017,,1
Beauty & Perfume International BPI,ELYSIA PARADISE DREAM 100ML,,,0,-,-,001-04040019,,1
Beauty & Perfume International BPI,FASHION STREET AVENUE 100ML,,,0,-,-,001-04040023,,1
Beauty & Perfume International BPI,FASHION STREET BLANC 100ML,,,0,-,-,001-04040024,,1
Beauty & Perfume International BPI,FASHION STREET CHIC 100ML,,,0,-,-,001-04040025,,1
Beauty & Perfume International BPI,FASHION STREET VOGUE 100ML,,,0,-,-,001-04040026,,1
Beauty & Perfume International BPI,HEAVEN BY Beauty & Perfume International BPI LIBERTY 100ML,,,0,-,-,001-04040029,,1
Beauty & Perfume International BPI,SAHARI - HAMSAH PINK 100ML,,,0,-,-,001-04040031,,1
Beauty & Perfume International BPI,IRIS MAN 90ML,,,0,-,-,001-04040033,,1
Beauty & Perfume International BPI,KINGS AND QUEENS BLUE 100ML,,,0,-,-,001-04040034,,1
Beauty & Perfume International BPI,KINGS AND QUEENS PHENOMENA 100ML,,,0,-,-,001-04040039,,1
Beauty & Perfume International BPI,KINGS AND QUEENS PURE ARUBA 100ML,,,0,-,-,001-04040040,,1
Beauty & Perfume International BPI,SAHARI - LAILAT HUB 100ML,,,0,-,-,001-04040042,,1
Beauty & Perfume International BPI,MAJESTIC KURT 100ML,,,0,-,-,001-04040044,,1
Beauty & Perfume International BPI,MAJESTIC SUPREME 100ML,,,0,-,-,001-04040045,,1
Beauty & Perfume International BPI,MAJESTIC WOMAN 100ML,,,0,-,-,001-04040046,,1
Beauty & Perfume International BPI,MONARCH WOMAN 100ML,,,0,-,-,001-04040048,,1
Beauty & Perfume International BPI,MIROMAR 100ML,,,0,-,-,001-04040049,,1
Beauty & Perfume International BPI,OXANA ROUGE 100ML,,,0,-,-,001-04040053,,1
Beauty & Perfume International BPI,POSH DIANA 100ML,,,0,-,-,001-04040055,,1
Beauty & Perfume International BPI,PERLA PASSION 100ML,,,0,-,-,001-04040056,,1
Beauty & Perfume International BPI,POSH POWDERY 100ML,,,0,-,-,001-04040058,,1
Beauty & Perfume International BPI,SAHARI - ROSE PARIS 100ML,,,0,-,-,001-04040059,,1
Beauty & Perfume International BPI,SANTORINI 100ML,,,0,-,-,001-04040060,,1
Beauty & Perfume International BPI,SHIELD BLACK LEATHER 100ML,,,0,-,-,001-04040061,,1
Beauty & Perfume International BPI,SHIELD MAN 100ML,,,0,-,-,001-04040066,,1
Beauty & Perfume International BPI,SHIELD ROUGE 100ML,,,0,-,-,001-04040069,,1
Beauty & Perfume International BPI,SULTANA HALIMA 100ML,,,0,-,-,001-04040071,,1
Beauty & Perfume International BPI,VERATO MAN NEW 100ML,,,0,-,-,001-04040075,,1
Beauty & Perfume International BPI,VERATO MEN NIGHT 100ML,,,0,-,-,001-04040076,,1
Beauty & Perfume International BPI,VERATO MEN SPORT 100ML,,,0,-,-,001-04040077,,1
Beauty & Perfume International BPI,VERATO AMBER 100ML,,,0,-,-,001-04040080,,1
Beauty & Perfume International BPI,VERATO WOMAN 100ML,,,0,-,-,001-04040081,,1
Beauty & Perfume International BPI,BRAVE NOIR 100ML,,,0,-,-,001-04040094,,1
Beauty & Perfume International BPI,BRAVE NUIT 100ML,,,0,-,-,001-04040095,,1
Beauty & Perfume International BPI,BRAVE INTENSE 100ML,,,0,-,-,001-04040096,,1
Beauty & Perfume International BPI,BLING WHITE PEARL 100ML,,,0,-,-,001-04040099,,1
Beauty & Perfume International BPI,BLING BLACK PEARL 100ML,,,0,-,-,001-04040100,,1
Beauty & Perfume International BPI,TOGETHER WITH YOU 100ML,,,0,-,-,001-04040101,,1
Beauty & Perfume International BPI,VISO VICTORY 100ML,,,0,-,-,001-04040104,,1
Beauty & Perfume International BPI,SUNRISE VICE VERSA 100ML,,,0,-,-,001-04040105,,1
Beauty & Perfume International BPI,SUNRISE MADAME 100ML,,,0,-,-,001-04040106,,1
Beauty & Perfume International BPI,VOCA CELEBRITY 100ML,,,0,-,-,001-04040107,,1
Beauty & Perfume International BPI,VOCA PINK 100ML,,,0,-,-,001-04040108,,1
Beauty & Perfume International BPI,VOCA TOUCH 100ML,,,0,-,-,001-04040109,,1
Beauty & Perfume International BPI,CRYSTAL AL ASWAD 100ML,,,0,-,-,001-04040112,,1
Beauty & Perfume International BPI,AL LULU AL ABIYEDH 100ML,,,0,-,-,001-04040113,,1
Beauty & Perfume International BPI,RAMZ AL SAHARA 100ML,,,0,-,-,001-04040114,,1
Beauty & Perfume International BPI,SAHR AL KALIMAT 100ML,,,0,-,-,001-04040115,,1
Beauty & Perfume International BPI,AMWAAJ 100ML,,,0,-,-,001-04040120,,1
Beauty & Perfume International BPI,KALIMAT 100ML,,,0,-,-,001-04040121,,1
Beauty & Perfume International BPI,HAMIDI - ALYSSA 100ML,,,0,-,-,001-04040124,,1
Beauty & Perfume International BPI,HAMIDI - SHAHEEN 100ML,,,0,-,-,001-04040125,,1
Beauty & Perfume International BPI,OXANA SUGAR 100ML,,,0,-,-,001-04040127,,1
Beauty & Perfume International BPI,ELYSIA JOVIAL 100ML,,,0,-,-,001-04040128,,1
Beauty & Perfume International BPI,PISTACHIO BLISS 100ML,,,0,-,-,001-04040131,,1
Beauty & Perfume International BPI,VELVET ) VANILLA CHARM 100ML ),,,0,-,-,001-04040132,,1
Beauty & Perfume International BPI,MYSTIC ROSE 100ML,,,0,-,-,001-04040133,,1
Beauty & Perfume International BPI,ETERNAL BLISS 100ML,,,0,-,-,001-04040137,,1
Beauty & Perfume International BPI,PEACH BLAST 100ML,,,0,-,-,001-04040138,,1
Beauty & Perfume International BPI,TROJAN POWER 100ML,,,0,-,-,001-04040140,,1
Beauty & Perfume International BPI,VERATO DELICATE 100ML,,,0,-,-,001-04040142,,1
Beauty & Perfume International BPI,LE FALCONE - NICHE COLLECTION MUHARIB 85ML,,,0,-,-,001-04040150,,1
Beauty & Perfume International BPI,LE FALCONE - NICHE COLLECTION MUHARIB ALPHA 85ML,,,0,-,-,001-04040151,,1
Beauty & Perfume International BPI,LE FALCONE - NICHE COLLECTION AL MAJD 85ML,,,0,-,-,001-04040152,,1
Beauty & Perfume International BPI,LE FALCONE - NICHE COLLECTION KHULOOD 85ML,,,0,-,-,001-04040153,,1
Beauty & Perfume International BPI,SAHARI - LAILAT ROMANCIA 100ML,,,0,-,-,001-04040161,,1
Beauty & Perfume International BPI,LANA OBSESSION 100ML,,,0,-,-,001-04040167,,1
Beauty & Perfume International BPI,LANA DIVINE 100ML,,,0,-,-,001-04040168,,1
Beauty & Perfume International BPI,LANA DAZZLE 100ML,,,0,-,-,001-04040169,,1
Beauty & Perfume International BPI,POSH IN PARADISE 100ML,,,0,-,-,001-04040171,,1
Beauty & Perfume International BPI,SWEET CANDY 100ML,,,0,-,-,001-04040172,,1
Beauty & Perfume International BPI,MYSTIQUE 100ML,,,0,-,-,001-04040173,,1
Beauty & Perfume International BPI,EDGE NIGHT CRYSTAL 100ML,,,0,-,-,001-04040174,,1
Beauty & Perfume International BPI,EDGE PINK CRYSTAL 100ML,,,0,-,-,001-04040175,,1
Beauty & Perfume International BPI,EDGE CRYSTAL 100ML,,,0,-,-,001-04040176,,1
Beauty & Perfume International BPI,BONITA RIVIERA 100ML,,,0,-,-,001-04040177,,1
Beauty & Perfume International BPI,KINGS AND QUEENS MALIKA 100ML,,,0,-,-,001-04040179,,1
Beauty & Perfume International BPI,CRESCENT AVALON 85ML,,,0,-,-,001-04040180,,1
Beauty & Perfume International BPI,TURQUOISE MAGIC 85ML,,,0,-,-,001-04040181,,1
Beauty & Perfume International BPI,SILVERADO 21- 100ML,,,0,-,-,001-04040182,,1
Beauty & Perfume International BPI,FANOOS SIRAJ 100ML,,,0,-,-,001-04040185,,1
Beauty & Perfume International BPI,EXCLUSIVE IQUNA 100ML,,,0,-,-,001-04040186,,1
Beauty & Perfume International BPI,EXCLUSIVE IQUNA GOLD100ML,,,0,-,-,001-04040187,,1
Beauty & Perfume International BPI,ARTOGHROL NEW 100ML,,,0,-,-,001-04040188,,1
Beauty & Perfume International BPI,IKHTIYARI NEW 90ML,,,0,-,-,001-04040189,,1
Beauty & Perfume International BPI,AHWAK 100ML,,,0,-,-,001-04040190,,1
Beauty & Perfume International BPI,AL MAS TURQUOISE 100ML,,,0,-,-,001-04040191,,1
Beauty & Perfume International BPI,RAMZ AL EMARAT WOMAN 100ML,,,0,-,-,001-04040192,,1
Beauty & Perfume International BPI,YUMMY MARSHMALLOW 100ML,,,0,-,-,001-04040196,,1
Beauty & Perfume International BPI,TOFFEE VANILLA 100ML,,,0,-,-,001-04040197,,1
Beauty & Perfume International BPI,CHOCOLATE KUNAFA 100ML,,,0,-,-,001-04040198,,1
Beauty & Perfume International BPI,MANGO SOUFFLE 100ML,,,0,-,-,001-04040199,,1
Beauty & Perfume International BPI,LYCHEE BY THE BEACH 100ML,,,0,-,-,001-04040200,,1
Beauty & Perfume International BPI,HUBI LOVERS 100ML,,,0,-,-,001-04040202,,1
Beauty & Perfume International BPI,HUBI ADORE 100ML,,,0,-,-,001-04040203,,1
Beauty & Perfume International BPI,HUBI AMOUR 100ML,,,0,-,-,001-04040204,,1
Beauty & Perfume International BPI,LAMSA ALINA 100ML,,,0,-,-,001-04040205,,1
Beauty & Perfume International BPI,LAMSA NOVA 100ML,,,0,-,-,001-04040206,,1
Beauty & Perfume International BPI,LAMSA TALIA 100ML,,,0,-,-,001-04040207,,1
Beauty & Perfume International BPI,FREEZE MANDARIN DREAM 90ML,,,0,-,-,001-04040209,,1
Beauty & Perfume International BPI,FREEZE OHH MY GUAVA 90ML,,,0,-,-,001-04040210,,1
Beauty & Perfume International BPI,FREEZE PEACH ME CHERRY YOU 90ML,,,0,-,-,001-04040211,,1
Beauty & Perfume International BPI,FAKHAMA BLISS 100ML,,,0,-,-,001-04040213,,1
Beauty & Perfume International BPI,FUNOON AMAZE 100ML,,,0,-,-,001-04040214,,1
Beauty & Perfume International BPI,FUNOON BEAUTY 100ML,,,0,-,-,001-04040215,,1
Beauty & Perfume International BPI,FANOOS 100ML,,,0,-,-,001-04040216,,1
Beauty & Perfume International BPI,EXCLUSIVE KAFU 100ML,,,0,-,-,001-04040217,,1
Beauty & Perfume International BPI,EXCLUSIVE KAFU AL NASAR 100ML,,,0,-,-,001-04040218,,1
Beauty & Perfume International BPI,MASA GLOW 100ML,,,0,-,-,001-04040219,,1
Beauty & Perfume International BPI,MASA INFINITY 100ML,,,0,-,-,001-04040220,,1
Beauty & Perfume International BPI,MASA SPARKLE 100ML,,,0,-,-,001-04040221,,1
Beauty & Perfume International BPI,EXCLUSIVE TARAF BLEU 100ML,,,0,-,-,001-04040222,,1
Beauty & Perfume International BPI,EXCLUSIVE TARAF ROUGE 100ML,,,0,-,-,001-04040223,,1
Beauty & Perfume International BPI,EXCLUSIVE TARAF VERDE 100ML,,,0,-,-,001-04040224,,1
Beauty & Perfume International BPI,EXCLUSIVE QAmaran-Beauty & Perfume International BPIIN FOR HER 100ML,,,0,-,-,001-04040225,,1
Beauty & Perfume International BPI,EXCLUSIVE QAmaran-Beauty & Perfume International BPIIN FOR HIM 100ML,,,0,-,-,001-04040226,,1
Beauty & Perfume International BPI,GELATO COTTON CANDY CRAZE 100ML,,,0,-,-,001-04040227,,1
Beauty & Perfume International BPI,GELATO MANGO TANGO 100ML,,,0,-,-,001-04040228,,1
Beauty & Perfume International BPI,GELATO VERY BERRY STRAWBERRY 100ML,,,0,-,-,001-04040229,,1
Beauty & Perfume International BPI,GELATO VIVA LA VANILLA 100ML,,,0,-,-,001-04040230,,1
Beauty & Perfume International BPI,MIRAGE CITADEL 100ML,,,0,-,-,001-04040231,,1
Beauty & Perfume International BPI,MIRAGE WANDER 100ML,,,0,-,-,001-04040232,,1
Efolia,ESCANDEL FOR WOMAN EFOLIA 100ML,,,0,-,-,001-02020171,,1
Fragrance World,BLACK LEATHER 100ML,,,0,-,-,001-02020004,,1
Fragrance World,CATCH DE NOIRE HOMME 100ML,,,0,-,-,001-02020009,,1
Fragrance World,CLASSIQUE 80ML,,,0,-,-,001-02020010,,1
Fragrance World,COCKTAIL INTENSE 100ML,,,0,-,-,001-02020011,,1
Fragrance World,FEROCE POUR FEMME 100ML,,,0,-,-,001-02020013,,1
Fragrance World,GREY MOUNTAIN 100ML,,,0,-,-,001-02020014,,1
Fragrance World,HISTORIC CEDAR 100ML,,,0,-,-,001-02020016,,1
Fragrance World,INTENSE MAN 100ML,,,0,-,-,001-02020017,,1
Fragrance World,JUST ASWAD 100ML,,,0,-,-,001-02020019,,1
Fragrance World,JOUR 100ML,,,0,-,-,001-02020021,,1
Fragrance World,NUDO GREEN IRIS 100ML,,,0,-,-,001-02020028,,1
Fragrance World,NUIT 100ML,,,0,-,-,001-02020030,,1
Fragrance World,PROUD OF YOU AMBER 100ML,,,0,-,-,001-02020034,,1
Fragrance World,PICKY ROSE 100ML,,,0,-,-,001-02020036,,1
Fragrance World,SOIR 100ML,,,0,-,-,001-02020040,,1
Fragrance World,SCANDANT SO NICE 100ML,,,0,-,-,001-02020041,,1
Fragrance World,AFTER SUNSET I 100ML,,,0,-,-,001-02020046,,1
Fragrance World,AFTER SUNSET III 100ML,,,0,-,-,001-02020047,,1
Fragrance World,EFFOLIA RED 540 - 100ML,,,0,-,-,001-02020051,,1
Fragrance World,POLO BLACK 229-100ML,,,0,-,-,001-02020054,,1
Fragrance World,GHARAAM 50ML,,,0,-,-,001-02020059,,1
Fragrance World,HAWA 100ML,,,0,-,-,001-02020060,,1
Fragrance World,WAJD 100ML,,,0,-,-,001-02020061,,1
Fragrance World,AVENTOS BLUE FOR HIM 50ML,,,0,-,-,001-02020062,,1
Fragrance World,SUAVE 50ML,,,0,-,-,001-02020069,,1
Fragrance World,BERRIES WEEKEND PINK 50ML,,,0,-,-,001-02020070,,1
Fragrance World,HAYAATI BLACK 100ML,,,0,-,-,001-02020071,,1
Fragrance World,JUST WARDI 50ML,,,0,-,-,001-02020072,,1
Fragrance World,POLO SPORT 06 -100ML,,,0,-,-,001-02020099,,1
Fragrance World,ONE MILLION 262 -100ML,,,0,-,-,001-02020102,,1
Fragrance World,COOL WATER 40-100ML,,,0,-,-,001-02020109,,1
Fragrance World,TERE DHERMES 275 -100ML,,,0,-,-,001-02020110,,1
Fragrance World,AFTER 12 - 100ML,,,0,-,-,001-02020117,,1
Fragrance World,OUD DE ARABIA EXTREME 100ML,,,0,-,-,001-02020119,,1
Fragrance World,OUD DE ARABIA 100ML,,,0,-,-,001-02020121,,1
Fragrance World,OLYMPIA WOMAN 394-25ML,,,0,-,-,001-02020137,,1
Fragrance World,TOM FORD 359-25ML,,,0,-,-,001-02020138,,1
Fragrance World,BAD LAD 50ML,,,0,-,-,001-02020148,,1
Fragrance World,SUSPENSO HOMME WITH DEO 100ML,,,0,-,-,001-02020154,,1
Fragrance World,SUAVE ELIXIR 80ML,,,0,-,-,001-02020155,,1
Fragrance World,DEUX CENT DOUZE MEN WITH DEO 100ML,,,0,-,-,001-02020175,,1
Fragrance World,INTENSE WOOD 100ML,,,0,-,-,001-02020178,,1
Fragrance World,DOLORES POUR FEMMI 100ML,,,0,-,-,001-02020189,,1
Fragrance World,SUAVE WITH DEO 100ML,,,0,-,-,001-02020190,,1
Fragrance World,EMPEROR 2 - 100ML,,,0,-,-,001-02020197,,1
Fragrance World,BERRIES WEEKEND PINK WITH DEO 100ML,,,0,-,-,001-02020201,,1
Fragrance World,DIESEL ONLY THE BRAVE -300- 100ML,,,0,-,-,001-02020205,,1
Fragrance World,HAVE ABEAUTIFUL DAY 100ML,,,0,-,-,001-02020206,,1
Fragrance World,FLOWER CAF'E 100ML,,,0,-,-,001-02020210,,1
Fragrance World,EN ROUTE 100ML,,,0,-,-,001-02020212,,1
Fragrance World,SHOMAL 100ML,,,0,-,-,001-02020213,,1
Fragrance World,MAGIE NOIR 100ML,,,0,-,-,001-02020220,,1
Fragrance World,CHEEK FOR MEN 100ML,,,0,-,-,001-02020225,,1
Fragrance World,HAYAATI BELLE 100ML,,,0,-,-,001-02020237,,1
Fragrance World,INVICTO VICTORIOUS EDP 100ML,,,0,-,-,001-02020247,https://gh.jumia.is/unsafe/fit-in/680x680/filters:fill(white)/product/21/5077003/1.jpg?1378,1
Fragrance World,VELVET ROUGE 100ML,,,0,-,-,001-02020251,https://marabika.lt/12816-large_default/velvet-rouge-fragrance-world-100ml.jpg,1
Fragrance World,BROWN ORCHID 50ML,,,0,-,-,001-02020253,https://marabika.lt/13760-large_default/brown-orchid-fragrance-world-80ml.jpg,1
Fragrance World,PROUD OF YOU FOR MEN 100ML,,,0,-,-,001-02020256,https://marabika.lt/13803-large_default/proud-of-you-for-men-fragrance-world-100ml.jpg,1
Fragrance World,BARAKAT ROUGE WHITE 540 -50ML,,,0,-,-,001-02020267,https://marabika.lt/9338-large_default/baccarat-rouge-540-barakkat-rouge-540-100ml.jpg,1
Fragrance World,JUST ANABI 50ML,,,0,-,-,001-02020268,https://marabika.lt/11561-large_default/just-anabi-fragrance-world-100ml.jpg,1
Fragrance World,JUST ASWAD 50ML,,,0,-,-,001-02020270,https://marabika.lt/11562-large_default/just-aswad-dior-suavage-elixir-100ml.jpg,1
Fragrance World,EFOLI - HAMRAA 100 ML,,,0,-,-,001-02020275,https://m.media-amazon.com/images/I/71InUDhPKOL._AC_SL1500_.jpg,1
Fragrance World,DAY AND NIGHT 100ML,,,0,-,-,001-02020277,,1
Fragrance World,LOBELIA COLLECTION 100ML,,,0,-,-,001-02020278,,1
Fragrance World,LAMIA COLLECTION 100M,,,0,-,-,001-02020279,,1
Fragrance World,PURE LOVE NEW ITEM 100ML,,,0,-,-,001-02020280,,1
Fragrance World,PURE LOVE PASSION 100ML,,,0,-,-,001-02020281,,1
Fragrance World,ELYSIUM COLLECTION 100M,,,0,-,-,001-02020284,,1
Fragrance World,SERENE COLLECTION 100M,,,0,-,-,001-02020285,,1
Fragrance World,LUMINA COLLECTION 100M,,,0,-,-,001-02020286,,1
Fragrance World,RAIHAH COLLECTION 100M,,,0,-,-,001-02020287,,1
Fragrance World,EFFOLIA CITY WALK - 100ML,,,0,-,-,001-02020288,,1
Fragrance World,EFFOLIA DESSERT ROCKS - 100ML,,,0,-,-,001-02020289,,1
Fragrance World,EFFOLIA INFINITY ( FEATURE ) - 100ML,,,0,-,-,001-02020290,,1
Fragrance World,EFFOLIA MAISON FRAME - 100ML,,,0,-,-,001-02020292,,1
Fragrance World,PROUD OF YOU OUD 100ML,,,0,-,-,001-02020310,,1
Fragrance World,VENTI CARISMA 100ML,,,0,-,-,001-02020318,,1
Fragrance World,INTRO AFTERMATH 80 ML,,,0,-,-,001-02020319,,1
Fragrance World,OUD MADNESS 60ML,,,0,-,-,001-02020320,,1
Fragrance World,B GENTLE GOLD 100ML,,,0,-,-,001-02020322,,1
Fragrance World,BLACK AFGANO - FW - 100ML,,,0,-,-,001-02020325,,1
Fragrance World,AZZURE HUNTED BY NIGHT 100ML,,,0,-,-,001-02020326,,1
Fragrance World,FIERO BLEU MAN 50ML,,,0,-,-,001-02020327,,1
Fragrance World,TOMFORD 50ML,,,0,-,-,001-02020331,,1
Fragrance World,LA UNO MILLION 50ML,,,0,-,-,001-02020334,,1
Fragrance World,ELYSIA LYCHEE FIZZ 100ML,,,0,-,-,001-02020342,,1
Fragrance World,ELYSIA SUGAR PATCHOULI 100ML,,,0,-,-,001-02020345,,1
Fragrance World,QISSAH FOR YOU 100ML,,,0,-,-,001-02020360,,1
Fragrance World,AFTER 12 INTENSE 100ML,,,0,-,-,001-02020362,,1
Fragrance World,FORNIGHT RED 100ML,,,0,-,-,001-02020363,,1
Fragrance World,NIGHT CLUB SILVER FW 100ML,,,0,-,-,001-02020384,,1
Fragrance World,NIGHT CLUB ABSOLUTE FW 100ML,,,0,-,-,001-02020388,,1
Fragrance World,ELYSIA VANILLA SUGAR 100ML,,,0,-,-,001-02020389,,1
Fragrance World,INTENSE WOOD 50ML,,,0,-,-,001-02020398,,1
Fragrance World,BROWN ORCHID OUD WITH DEO 100ML,,,0,-,-,001-02020405,,1
Fragrance World,INVICTO INTENSE 100ML,,,0,-,-,001-02020407,,1
Fragrance World,BE MINE ( H. BOX ) FG 100ML,,,0,-,-,001-02020409,,1
Fragrance World,DREAMS PINK - FG 100ML,,,0,-,-,001-02020410,,1
Fragrance World,DREAMS MOON LIGHT - FG 100ML,,,0,-,-,001-02020411,,1
Fragrance World,QISSAH IMPIRE VALLY - FG 100ML,,,0,-,-,001-02020412,,1
Fragrance World,CAFE N CREAM 100ML,,,0,-,-,001-02020420,,1
Fragrance World,INVICTO INTENSE 50ML,,,0,-,-,001-02020424,,1
Fragrance World,ELYSIA LYCHEE FIZZ 50ML,,,0,-,-,001-02020425,,1
Fragrance World,PEGASUS 50ML,,,0,-,-,001-02020426,,1
Fragrance World,UR WAY 50ML,,,0,-,-,001-02020427,,1
Fragrance World,INVICTO VICTORIOUS ELIXIR 50ML,,,0,-,-,001-02020428,,1
Fragrance World,FEBRUARY30 AM GOLD 100ML,,,0,-,-,001-02020447,,1
Fragrance World,JOHN GUSTAV HOMME SCANDANT - 100ML,,,0,-,-,001-02020450,,1
Fragrance World,OUD ETALON 100ML,,,0,-,-,001-02020457,,1
Fragrance World,LA UNO MILLION GOLDEN OUD -100ML,,,0,-,-,001-02020468,,1
Fragrance World,EXTREMELY UNIQUE PISTA 50ML,,,0,-,-,001-02020472,,1
Fragrance World,DEUX CENT DOZE SEXY MEN 50ML,,,0,-,-,001-02020473,,1
Fragrance World,URBAN MAN LE PARFUM 50ML,,,0,-,-,001-02020475,,1
Fragrance World,KRONOS 50ML,,,0,-,-,001-02020476,,1
Fragrance World,SHAMOKHI 100ML,,,0,-,-,001-02020477,,1
Fragrance World,BARKALLOT ROUGE 540 RED 100ML,,,0,-,-,001-02020478,,1
Fragrance World,INVICTO VICTORIOUS ABSOLU 100ML,,,0,-,-,001-02020479,,1
Fragrance World,CREME OF CLOUDS 100ML,,,0,-,-,001-02020483,,1
Fragrance World,ELYSIA ELEGANCE 100ML,,,0,-,-,001-02020484,,1
Fragrance World,ONIRO ATOM 100ML,,,0,-,-,001-02020485,,1
Fragrance World,MISS EVORA 100ML,,,0,-,-,001-02020491,,1
Fragrance World,MISS EVORA SWEET 100ML,,,0,-,-,001-02020492,,1
Fragrance World,NIGHT CLUB GREEN TWEED FW 50ML,,,0,-,-,001-02020499,,1
Fragrance World,NIGHT CLUB SIKLY - 50ML,,,0,-,-,001-02020500,,1
Fragrance World,BLOOMING FLOWER GARDENIA 100ML,,,0,-,-,001-02020502,,1
Fragrance World,AFTER 12 WHITE - 100ML,,,0,-,-,001-02020516,,1
Fragrance World,AFTER 12 GOLD - 100ML,,,0,-,-,001-02020517,,1
Fragrance World,OUD MADNESS 50ML,,,0,-,-,001-02020523,,1
Fragrance World,PROUD OF YOU SANDALO 100ML,,,0,-,-,001-02020525,,1
Fragrance World,BAD LAD LE HOMME 100ML,,,0,-,-,001-02020526,,1
Fragrance World,CANALE DE BLUE INTENSE NEW 100MI,,,0,-,-,001-02020527,,1
Fragrance World,CLUB DE NUIT INTENSE MAN TRAVEL SET BLACK 100ML,,,0,-,-,001-03030143,,1
Jenny Glow,JENNY GLOW &JUST JACK 100ML,,,0,-,-,001-03030105,,1
Jenny Glow,ALLURE BY JENNY GLOW BELLIS COLLECTION 100ML,,,0,-,-,001-03030109,,1
Jenny Glow,ETOILE JENNY GLOW UNISEX 80MLF10,,,0,-,-,001-03030119,,1
Jenny Glow,PERLE JENNY GLOW UNISEX 80MLF10,,,0,-,-,001-03030120,,1
Jenny Glow,REVE JENNY GLOW UNISEX 80MLF10,,,0,-,-,001-03030121,,1
Jenny Glow,VELOURS JENNY GLOW UNISEX 80MLF10,,,0,-,-,001-03030124,,1
Jenny Glow,CHIC JENNY GLOW CRYSTAL BALL 30ML,,,0,-,-,001-03030145,,1
Jenny Glow,COUTURE JENNY GLOW CRYSTAL BALL 30ML,,,0,-,-,001-03030146,,1
Jenny Glow,VOGUE JENNY GLOW CRYSTAL BALL 30ML,,,0,-,-,001-03030147,,1
Khadlaj / Al Haramain / Various,AGORA 100ML,,,0,-,-,001-05050001,,1
Khadlaj / Al Haramain / Various,ALBI 100ML,,,0,-,-,001-05050002,,1
Khadlaj / Al Haramain / Various,BARWAAZ PURE NAVY 100ML,,,0,-,-,001-05050005,,1
Khadlaj / Al Haramain / Various,BARWAAZ BROWN 100ML,,,0,-,-,001-05050008,,1
Khadlaj / Al Haramain / Various,EXOTIC MYRRH 100ML,,,0,-,-,001-05050013,,1
Khadlaj / Al Haramain / Various,GAITH 100ML,,,0,-,-,001-05050016,,1
Khadlaj / Al Haramain / Various,GHADEER GOLD 100ML,,,0,-,-,001-05050017,,1
Khadlaj / Al Haramain / Various,LAHEEB 100ML,,,0,-,-,001-05050030,,1
Khadlaj / Al Haramain / Various,LAVISH LUNA 100ML,,,0,-,-,001-05050031,,1
Khadlaj / Al Haramain / Various,MARE DI ALMAFI CHERICE 100ML,,,0,-,-,001-05050035,,1
Khadlaj / Al Haramain / Various,MEGA WOMEN 100ML,,,0,-,-,001-05050039,,1
Khadlaj / Al Haramain / Various,MAGNATE NOBLE 100ML,,,0,-,-,001-05050041,,1
Khadlaj / Al Haramain / Various,MAISON ROGUE 100ML,,,0,-,-,001-05050043,,1
Khadlaj / Al Haramain / Various,OUD AL SABAH 100ML,,,0,-,-,001-05050044,,1
Khadlaj / Al Haramain / Various,OPERA NOIR LOR 100ML,,,0,-,-,001-05050049,,1
Khadlaj / Al Haramain / Various,OPUS 100ML,,,0,-,-,001-05050050,,1
Khadlaj / Al Haramain / Various,BOKHOOR QUTOOF 100ML,,,0,-,-,001-05050055,,1
Khadlaj / Al Haramain / Various,SUPREME 100ML,,,0,-,-,001-05050061,,1
Khadlaj / Al Haramain / Various,STELLAR MUSK 100ML,,,0,-,-,001-05050062,,1
Khadlaj / Al Haramain / Various,STELLAR OUD 100ML,,,0,-,-,001-05050063,,1
Khadlaj / Al Haramain / Various,SWAG 100ML,,,0,-,-,001-05050064,,1
Khadlaj / Al Haramain / Various,SHIYAAKA GOLD 100ML,,,0,-,-,001-05050066,,1
Khadlaj / Al Haramain / Various,SHIYAAKA WHITE 100ML,,,0,-,-,001-05050068,,1
Khadlaj / Al Haramain / Various,WOW OUD 100ML,,,0,-,-,001-05050072,,1
Khadlaj / Al Haramain / Various,OUD NOIR 100ML,,,0,-,-,001-05050087,,1
Khadlaj / Al Haramain / Various,ROSE COUTURE 100L,,,0,-,-,001-05050088,,1
Khadlaj / Al Haramain / Various,KARUS BLU SPICE 100ML,,,0,-,-,001-05050089,,1
Khadlaj / Al Haramain / Various,CRYSTALLIA IMPERIO 100ML,,,0,-,-,001-05050091,,1
Khadlaj / Al Haramain / Various,AURA CRISP FLOWER 100ML,,,0,-,-,001-05050093,,1
Khadlaj / Al Haramain / Various,NUHA 85ML,,,0,-,-,001-05050094,,1
Khadlaj / Al Haramain / Various,EMPIRE VICTOR 100ML,,,0,-,-,001-05050095,,1
Khadlaj / Al Haramain / Various,JOHAYNA 20ML,,,0,-,-,001-05050096,,1
Khadlaj / Al Haramain / Various,PURE MUSK 20ML,,,0,-,-,001-05050098,,1
Khadlaj / Al Haramain / Various,MUSK COUTURE 100ML,,,0,-,-,001-05050104,,1
Khadlaj / Al Haramain / Various,KHADLEG - SARA 100ML,,,0,-,-,001-05050105,,1
Khadlaj / Al Haramain / Various,KAYAAN SILVER 20ML,,,0,-,-,001-05050106,,1
Khadlaj / Al Haramain / Various,BARWAAZ WHITE 100ML,,,0,-,-,001-05050107,,1
Khadlaj / Al Haramain / Various,BOTANICAE - MARTIN MOGADOR 100ML,,,0,-,-,001-05050111,,1
Khadlaj / Al Haramain / Various,MONACO DE PARIS 100ML,,,0,-,-,001-05050119,,1
Khadlaj / Al Haramain / Various,MAROOF 150ML,,,0,-,-,001-05050120,,1
Khadlaj / Al Haramain / Various,MASHAHEER 150ML,,,0,-,-,001-05050121,,1
Khadlaj / Al Haramain / Various,ISLAND 100ML,,,0,-,-,001-05050123,,1
Khadlaj / Al Haramain / Various,CAFFE LATTE 100ML,,,0,-,-,001-05050124,,1
Khadlaj / Al Haramain / Various,CLOUD CANDY 100ML,,,0,-,-,001-05050125,,1
Khadlaj / Al Haramain / Various,AURA PISTA DESERT 100ML,,,0,-,-,001-05050126,,1
Khadlaj / Al Haramain / Various,KARUS SECRET MUSK 100ML,,,0,-,-,001-05050127,,1
Khadlaj / Al Haramain / Various,SYMBOL OF LOVE 100ML,,,0,-,-,001-05050129,,1
Khadlaj / Al Haramain / Various,SYMBOL OF POWER 100ML,,,0,-,-,001-05050130,,1
Khadlaj / Al Haramain / Various,DESERT ROSE 100ML,,,0,-,-,001-05050132,,1
Khadlaj / Al Haramain / Various,ISLAND VANILLA DUNES 100ML,,,0,-,-,001-05050133,,1
Khadlaj / Al Haramain / Various,LE PRESTIGE EMPRESS 100ML,,,0,-,-,001-05050134,,1
Khadlaj / Al Haramain / Various,TITAN 100ML,,,0,-,-,001-05050136,,1
Khadlaj / Al Haramain / Various,ONYX GOLD 100ML,,,0,-,-,001-05050138,,1
Khadlaj / Al Haramain / Various,NAFAIS SHARQ 100ML,,,0,-,-,001-05050139,,1
Khadlaj / Al Haramain / Various,ZAYAAN GOLD100ML,,,0,-,-,001-05050141,,1
Khadlaj / Al Haramain / Various,CELEBRITY FAME 100ML,,,0,-,-,001-05050144,,1
Khadlaj / Al Haramain / Various,NUHA CHERRY BLUSH 85ML,,,0,-,-,001-05050146,,1
Khadlaj / Al Haramain / Various,ISLAND DREAMS 100ML,,,0,-,-,001-05050147,,1
Khadlaj / Al Haramain / Various,MIRAGE HUBERT BLUE 100ML,,,0,-,-,001-05050148,,1
Khadlaj / Al Haramain / Various,MIRAGE HUBERT RED 100ML,,,0,-,-,001-05050149,,1
Khadlaj / Al Haramain / Various,MIRAGE BALLERINA TORQUOISE 100ML,,,0,-,-,001-05050150,,1
Khadlaj / Al Haramain / Various,MIRAGE BALLERINA PINK 100ML,,,0,-,-,001-05050151,,1
Khadlaj / Al Haramain / Various,JOHAYNA PURPLE 20ML,,,0,-,-,001-05050152,,1
Khadlaj / Al Haramain / Various,AMBER PURE 20ML,,,0,-,-,001-05050153,,1
Khadlaj / Al Haramain / Various,BISCOTTI CARAMEL POP 100ML,,,0,-,-,001-05050154,,1
Khadlaj / Al Haramain / Various,BISCOTTI MELON MISK 100ML,,,0,-,-,001-05050155,,1
Khadlaj / Al Haramain / Various,BISCOTTI DATE TOFFEE 100ML,,,0,-,-,001-05050156,,1
Khadlaj / Al Haramain / Various,NAFAIS MAGRIB 100ML,,,0,-,-,001-05050158,,1
Khadlaj / Al Haramain / Various,SENSUOS 15ML,,,0,-,-,001-05050159,,1
Khadlaj / Al Haramain / Various,OUD NOIR 15ML,,,0,-,-,001-05050160,,1
Khadlaj / Al Haramain / Various,FARASHA 35ML,,,0,-,-,001-05050162,,1
Khadlaj / Al Haramain / Various,GHAZLAAN 20ML,,,0,-,-,001-05050163,,1
Khadlaj / Al Haramain / Various,JAMEEL 25ML,,,0,-,-,001-05050164,,1
Khadlaj / Al Haramain / Various,KAYAAN GOLD 20ML,,,0,-,-,001-05050166,,1
Khadlaj / Al Haramain / Various,HANDSOME 15ML,,,0,-,-,001-05050167,,1
Khadlaj / Al Haramain / Various,BARAKAH 15ML,,,0,-,-,001-05050169,,1
Khadlaj / Al Haramain / Various,PINK LACE 100ML,,,0,-,-,001-05050170,,1
Khadlaj / Al Haramain / Various,TRIANGLE - CHARCOAL,,,0,-,-,001-05050171,,1
Khadlaj / Al Haramain / Various,BODY SCENT 200 ML SPARK PRETTY,,,0,-,-,001-05051027,,1
Khadlaj / Al Haramain / Various,BARWAAZ SADDLE BROWN DEO200ML,,,0,-,-,001-05051038,,1
Khadlaj / Al Haramain / Various,ANA ZAHAB 150ML,,,0,-,-,001-05051040,,1
Khadlaj / Al Haramain / Various,AF SARA 320ML,,,0,-,-,001-05051046,,1
Khadlaj / Al Haramain / Various,AF QISSA 320ML,,,0,-,-,001-05051047,,1
Lattafa,AMEER AL ARAB IMPERIUM 100ML,,,0,-,-,001-01010003,"https://m.media-amazon.com/images/I/71hxsIysWHL._AC_UF1000,1000_QL80_.jpg",1
Lattafa,AMEERAT PINK PRIVE ROSE 100ML,,,0,-,-,001-01010004,https://princesscosmeticsqa.com/cdn/shop/files/IMG-6731.jpg?v=1752501136&width=600,1
Lattafa,ANA ABIYEDH POUDRE 100ML,,,0,-,-,001-01010006,https://lattafa.com/wp-content/uploads/2024/05/1-50.jpg,1
Lattafa,ANA ABIYEDH BLACK 100ML,,,0,-,-,001-01010008,https://www.allattar.com/wp-content/uploads/2025/08/anaabhiyedhblack.jpg,1
Lattafa,LA AFRICAN DRUMMER 100ML,,,0,-,-,001-01010010,https://m.media-amazon.com/images/I/61du7l-LX0L._SX466_.jpg,1
Lattafa,AFAQ GOLD 100ML,,,0,-,-,001-01010011,https://lattafa.com/wp-content/uploads/2024/05/1-108.jpg,1
Lattafa,AMEER AL OUD INTENSE OUD 100ML,,,0,-,-,001-01010012,https://lattafa.com/wp-content/uploads/2024/04/1-67.jpg,1
Lattafa,AJWAD PINK TO PINK 100ML,,,0,-,-,001-01010014,https://www.lattafa-usa.com/cdn/shop/files/Ajwad-Pink-to-Pink-2_49bf14b4-e60d-48ae-99ba-451736dab7de.png?v=1747415196&width=810,1
Lattafa,ANDALEEB ASDAAF 100ML,,,0,-,-,001-01010019,https://lattafa.com/wp-content/uploads/2024/04/1-16.jpg,1
Lattafa,ANDALEEB FLORA 100ML,,,0,-,-,001-01010020,https://fragranceforte.com.ng/wp-content/uploads/2023/09/Screenshot_20230907-090958_Gallery.jpg,1
Lattafa,ART OF NATURE / 100ML,,,0,-,-,001-01010023,https://lattafa.com/wp-content/uploads/2024/09/Art-of-Nature-I-scaled.jpg,1
Lattafa,ASAD 100ML,,,0,-,-,001-01010026,https://www.lattafa-usa.com/cdn/shop/files/Asad-2_5648df5a-3865-4d87-b7f7-b89f81aab2af.png?v=1747421311&width=810,1
Lattafa,ASAD ZANZIBAR 100ML,,,0,-,-,001-01010027,https://cdn-ilboccp.nitrocdn.com/SDkrODIaeNZRdZfqHcJERwUgHcFSfjDQ/assets/images/optimized/rev-8ea4939/lattafa.com/wp-content/uploads/2025/06/Asad-Zanzibar-Limited-Edition.png,1
Lattafa,AL AZAL 100ML,,,0,-,-,001-01010033,https://www.lattafa.my/cdn/perfumes/lattafa/kotak-al-azal-lattafa-original-edp-100ml/productmobile/?f=webp,1
Lattafa,BADEE AL OUD AMETHYST 100ML,,,0,-,-,001-01010034,,1
Lattafa,BADEE AL OUD HONOR & GLORY 100ML,,,0,-,-,001-01010035,,1
Lattafa,EMAAN 100ML,,,0,-,-,001-01010043,,1
Lattafa,ETERNAL OUD 100ML,,,0,-,-,001-01010044,,1
Lattafa,FAKHAR LATTAFA EXTRAIT 100ML,,,0,-,-,001-01010045,,1
Lattafa,FAKHAR LATTAFA WOMAN 100ML,,,0,-,-,001-01010047,,1
Lattafa,GHINWA 100ML,,,0,-,-,001-01010049,,1
Lattafa,HAYA 100ML,,,0,-,-,001-01010050,,1
Lattafa,HAYAAM 100ML,,,0,-,-,001-01010053,,1
Lattafa,KHALTAAT AL ARABIA 100ML,,,0,-,-,001-01010055,,1
Lattafa,KHANJAR 85ML,,,0,-,-,001-01010056,,1
Lattafa,KHAMRAH QAHWA 100ML,,,0,-,-,001-01010059,,1
Lattafa,KHAMRAH 100ML,,,0,-,-,001-01010060,,1
Lattafa,KISMET FOR MEN 100ML,,,0,-,-,001-01010063,,1
Lattafa,KISMET WOMAN 100ML,,,0,-,-,001-01010064,,1
Lattafa,MAHASIN CRYSTAL VIOLETDEO 100ML,,,0,-,-,001-01010072,,1
Lattafa,MAHASIN CRSTAL WITH DEO 100ML,,,0,-,-,001-01010073,,1
Lattafa,MAHIR BLACK EDITION 100ML,,,0,-,-,001-01010075,,1
Lattafa,MAHIR LEGACY 100ML,,,0,-,-,001-01010077,,1
Lattafa,MASA 100ML,,,0,-,-,001-01010081,,1
Lattafa,NEBRAS 100ML,,,0,-,-,001-01010083,,1
Lattafa,NOW WOMAN 100ML,,,0,-,-,001-01010088,,1
Lattafa,QAED AL FURSAN UNLIMITED 90ML,,,0,-,-,001-01010097,,1
Lattafa,QIMMAH WOMEN 100ML,,,0,-,-,001-01010100,,1
Lattafa,RAGHBA 100ML,,,0,-,-,001-01010105,,1
Lattafa,RAMZ LATTAFA SILVER 100ML,,,0,-,-,001-01010107,,1
Lattafa,ROYCE BLACK 100ML,,,0,-,-,001-01010110,,1
Lattafa,SHEIKH AL SHUYUKH LUXE 100ML,,,0,-,-,001-01010112,,1
Lattafa,SAKEENA 100ML,,,0,-,-,001-01010117,,1
Lattafa,SAFWAAN LUTRE MUSK 100ML,,,0,-,-,001-01010118,,1
Lattafa,SER AL KHULOOD BROWN 100ML,,,0,-,-,001-01010121,,1
Lattafa,SER AL MALIK 100ML,,,0,-,-,001-01010122,,1
Lattafa,THE ARTIST NO. 2- 100ML,,,0,-,-,001-01010125,,1
Lattafa,THARWAH GOLD 100ML,,,0,-,-,001-01010127,,1
Lattafa,THE KINGDOM WOMAN 100ML,,,0,-,-,001-01010130,,1
Lattafa,VINTAGE RADIO 100ML,,,0,-,-,001-01010131,,1
Lattafa,VELVET ROSE 100ML,,,0,-,-,001-01010132,,1
Lattafa,YARA 100ML,,,0,-,-,001-01010134,,1
Lattafa,ANA ABIYEDH 30ML,,,0,-,-,001-01010137,,1
Lattafa,AURA DECLAT 30ML,,,0,-,-,001-01010138,,1
Lattafa,CORAL BLUSH 30ML,,,0,-,-,001-01010141,,1
Lattafa,COMO MOISELLE 30ML,,,0,-,-,001-01010142,,1
Lattafa,CHANTS TENDERINA 30ML,,,0,-,-,001-01010143,,1
Lattafa,ETERNAL TOUCH 30ML,,,0,-,-,001-01010144,,1
Lattafa,FLORENZA 30ML,,,0,-,-,001-01010145,,1
Lattafa,JUBILANT NOIR 30ML,,,0,-,-,001-01010146,,1
Lattafa,JORGE DI PROFUMO 30ML,,,0,-,-,001-01010147,,1
Lattafa,LEONIE 30ML,,,0,-,-,001-01010148,,1
Lattafa,MAHASIN CRYSTAL VIOLET 30ML,,,0,-,-,001-01010150,,1
Lattafa,MONOCLINE SERIES TWO 30ML,,,0,-,-,001-01010151,,1
Lattafa,NAJDIA 30ML,,,0,-,-,001-01010152,,1
Lattafa,OPULENCE LEATHER 30ML,,,0,-,-,001-01010154,,1
Lattafa,PHILOS PURA-30ML,,,0,-,-,001-01010156,,1
Lattafa,PINK VELVET 30ML,,,0,-,-,001-01010158,,1
Lattafa,SHEIKH AL SHUYUKH 30ML,,,0,-,-,001-01010160,,1
Lattafa,SO CANDID POUR FEMME 30ML,,,0,-,-,001-01010161,,1
Lattafa,TORO POUR HOMME -30ML,,,0,-,-,001-01010162,,1
Lattafa,VICTORIOSO NERO 30ML,,,0,-,-,001-01010164,,1
Lattafa,VICTORIOSO 30ML,,,0,-,-,001-01010165,,1
Lattafa,WASHWASHAH 30ML,,,0,-,-,001-01010166,,1
Lattafa,YOUR TOUCH FOR MEN 30ML,,,0,-,-,001-01010167,,1
Lattafa,ANA ABIYEDH ROUGE 100ML,,,0,-,-,001-01010171,,1
Lattafa,BADEE AL OUD FOR GLORY - BLACK100ML,,,0,-,-,001-01010175,,1
Lattafa,ISHQ AL SHUYUKH SILVER 100ML,,,0,-,-,001-01010177,,1
Lattafa,BAYAAN 100ML,,,0,-,-,001-01010178,,1
Lattafa,TERIAQ 100 ML,,,0,-,-,001-01010189,,1
Lattafa,MAYAR CHERRY INTENSE 100 ML,,,0,-,-,001-01010193,,1
Lattafa,SPRAY HAYAATI AL MALEKY 100 ML,,,0,-,-,001-01010195,,1
Lattafa,SPRAY MYSTERIOUS AMBER 80ML,,,0,-,-,001-01010198,,1
Lattafa,AFFECTION 100ML,,,0,-,-,001-01010201,,1
Lattafa,ANSAAM GOLD 100ML,,,0,-,-,001-01010202,,1
Lattafa,AJWAA 90ML,,,0,-,-,001-01010203,,1
Lattafa,MAHARJAN GOLD 100ML,,,0,-,-,001-01010219,,1
Lattafa,MUNA 100ML,,,0,-,-,001-01010225,,1
Lattafa,ASAD BOURBON 100 ML,,,0,-,-,001-01010232,,1
Lattafa,VICTORIOSO HEROIC 100ML,,,0,-,-,001-01010234,,1
Lattafa,GIFT ASAD - 5TH ANNIVERSARY 100ML,,,0,-,-,001-01010236,,1
Lattafa,HER CONFESSION 100ML,,,0,-,-,001-01010237,,1
Lattafa,HIS CONFESSION 100ML,,,0,-,-,001-01010238,,1
Lattafa,KHAMRAH DUKHAN - LATTAFA - 100ML,,,0,-,-,001-01010240,,1
Lattafa,VOGUE PARTY 100ML,,,0,-,-,001-01010243,,1
Lattafa,VOGUE NIGHT 100ML,,,0,-,-,001-01010244,,1
Lattafa,MIA DOLCEZZA 100ML,,,0,-,-,001-01010245,,1
Lattafa,AJAYEB DUBAI 100ML,,,0,-,-,001-01010246,,1
Lattafa,QAED AL FURSAN UNTAMED 90ML,,,0,-,-,001-01010248,,1
Lattafa,VICTORIA LATTAFA 100ML,,,0,-,-,001-01010249,,1
Lattafa,CAMILLE 100ML - ALHAMBRA,,,0,-,-,001-01010250,,1
Lattafa,ANGHAM 100ML,,,0,-,-,001-01010251,,1
Lattafa,YARA CONCENTRATED OIL 20ML,,,0,-,-,001-01010252,,1
Lattafa,YARA TOUS CONCENTRATED PERFUME OIL 20ML,,,0,-,-,001-01010253,,1
Lattafa,YARA CANDY CONCENTRATED PERFUME OIL 20ML,,,0,-,-,001-01010254,,1
Lattafa,QARAR 80ML,,,0,-,-,001-01010259,,1
Lattafa,ANA ABIYEDH SCARLET 60ML,,,0,-,-,001-01010261,,1
Lattafa,YARA MOI CONCENTRATED PERFUME OIL 20ML,,,0,-,-,001-01010263,,1
Lattafa,GIFTSET 20ML X 5PCS GS BOX -04,,,0,-,-,001-01010264,,1
Lattafa,GIFTSET 20ML X 5PCS GS BOX -02,,,0,-,-,001-01010265,,1
Lattafa,EJAAZI 100ML,,,0,-,-,001-01010266,,1
Lattafa,PURE CRYSTAL 100ML,,,0,-,-,001-01010269,,1
Lattafa,HABIK FOR MEN 100 ML,,,0,-,-,001-01010270,,1
Lattafa,ECLAIRE BANOFFI 100 ML. - LATTAFA,,,0,-,-,001-01010272,,1
Lattafa,PISA 100ML,,,0,-,-,001-01010275,,1
Lattafa,ART OF NATURE // 100ML,,,0,-,-,001-01010276,,1
Lattafa,PEACE & LOVE 100ML,,,0,-,-,001-01010277,,1
Lattafa,ART OF UNIVERSE 100ML,,,0,-,-,001-01010278,,1
Lattafa,DREAM OF HAZE 100ML,,,0,-,-,001-01010279,,1
Lattafa,QUEEN OF ARABIA 100ML,,,0,-,-,001-01010280,,1
Lattafa,NEBRAS ELIXIR 100ML,,,0,-,-,001-01010282,,1
Lattafa,ART OF ARABIA I 100ML,,,0,-,-,001-01010283,,1
Lattafa,FAKHAR LATTAFA PLATIN 100 ML,,,0,-,-,001-01010284,,1
Lattafa,THE WHITE CLOUD 100ML,,,0,-,-,001-01010285,,1
Lattafa,CHATEAU OTTOMAN 100ML,,,0,-,-,001-01010286,,1
Lattafa,RAVE AU SOLEIL 100ML,,,0,-,-,001-01010287,,1
Lattafa,RAVE NUIT PARFAITE 100ML,,,0,-,-,001-01010288,,1
Lattafa,NARDO BLACK 100ML,,,,,,001-01010289,,1
Lattafa,NARDO RED 100ML,,,,,,001-01010290,,1
Lattafa,GIFSET- NEBRAS 3 PC,,,,,,001-01010291,,1
Lattafa,GIFSET- AFFECTION 3 PC,,,,,,001-01010292,,1
Lattafa,GIFSET- ISHQ AL SHUYUKH SILVER 3 PC,,,,,,001-01010293,,1
Lattafa,GIFSET- THARWAH GOLD 3 PC,,,,,,001-01010295,,1
Lattafa,GIFSET- ANSAAM GOLD 3 PC,,,,,,001-01010296,,1
Lattafa,ECLAIRE PISTACHE 100 ML. - LATTAFA,,,,,,001-01010297,,1
Lattafa,DALA 100ML,,,,,,001-01010299,,1
Lattafa,SUR MESURE NOIR 100ML,,,,,,001-01010300,,1
Lattafa,ART OF ARABIA II 100ML,,,,,,001-01010301,,1
Lattafa,MAAHIR GOLD HAIR MIST 50ML,,,,,,001-010110018,,1
Lattafa,FAKHAR AL OUD 100ML,,,,,,004-0100048,,1
Lattafa,FAKHAR AL OUD THE WHIT OUD 100ML,,,,,,004-0100049,,1
Lattafa,COLLECTION YARA 50ML,,,,,,004-0100063,,1
Lattafa,COLLECTION QAED AL FURSAN 50ML,,,,,,004-0100064,,1
Private Label,BRUME DE VERT 100ML,,,,,,005-0100001,,1
Private Label,ECLAT DE ROSE 100ML,,,,,,005-0100002,,1
Private Label,NUIT ROUGE 100ML,,,,,,005-0100003,,1
Private Label,GLASSY ONE 100ML,,,,,,005-0100004,,1
Private Label,DE NOBLE 100ML,,,,,,005-0100005,,1
Private Label,LAST EDGE 100ML,,,,,,005-0100006,,1
Private Label,EVOKE 100ML,,,,,,005-0100007,,1
Private Label,MYSTERY 100ML,,,,,,005-0100008,,1
Private Label,VIOLETTE FATALE 100ML,,,,,,005-0100009,,1
Private Label,OCEANIC 100ML,,,,,,005-0100010,,1
Private Label,ROUGE INTENSE 100ML,,,,,,005-0100011,,1
Private Label,NOIR1 - 100ML,,,,,,005-0100012,,1
Private Label,MYSTERE AR-N1102+LA051- 100ML,,,,,,005-0100013,,1
Private Label,SAPHIR 100ML,,,,,,005-0100014,,1
Private Label,PARADIS 100ML,,,,,,005-0100015,,1
Private Label,OPAL DUSK 100ML,,,,,,005-0100016,,1
Private Label,ETHEREAL WHISPER 100ML,,,,,,005-0100017,,1
Private Label,SILLAGE 100ML,,,,,,005-0100018,,1
Private Label,PURE SPE SPIRIT 100ML,,,,,,005-0100019,,1
Private Label,SECRET WISH 100ML,,,,,,005-0100020,,1
Private Label,MIDNIGHT ROMANCE 100ML,,,,,,005-0100021,,1
Private Label,IMPERIAL BLISS 75ML,,,,,,005-0100022,,1
Rasasi,DAAREJ POUR MEN 100ML,,,,,,007-0100001,,1
Rasasi,DAAREJ MAGNETIC POUR FEMME 100ML,,,,,,007-0100002,,1
Rasasi,DAAREJ PASSIONE POUR FEMME 100ML,,,,,,007-0100003,,1
Rasasi,HAWAS BLACK 100ML,,,,,,007-0100004,,1
Rasasi,HAWAS MEN 100ML,,,,,,007-0100005,,1
Rasasi,DAAREJ WOMEN 100ML,,,,,,007-0100007,,1
Rasasi,HAWAS ECLAT WOMEN 100ML,,,,,,007-0100009,,1
Rasasi,RAR 9325 - POUR ELLE ZEB WOMEN 50ML,,,,,,007-0100010,,1
Rasasi,RAR 9325 - POUR LUI ZEB MEN 50ML,,,,,,007-0100011,,1
Rasasi,NAFAEIS AL SHAGHAF - POUR HOMME 100ML,,,,,,007-0100012,,1
Rasasi,NAFAEIS AL SHAGHAF - POUR FEMME 100ML,,,,,,007-0100013,,1
Rasasi,SHUHRAH WOMEN 90ML,,,,,,007-0100015,,1
Rasasi,SHUHRAH MEN BOISE'E 90ML,,,,,,007-0100016,,1
Rasasi,SHUHRAH ( W ) SENSUELLE POUR FEMME 90ML,,,,,,007-0100017,,1
Smart Collection,SMART- POLO BLUE 146 -100ML,,,,,,001-02020100,,1
Smart Collection,SMART - MOUSUF 801-100ML,,,,,,001-02020103,,1
Smart Collection,SMART- OPHYLIA 802 -100ML,,,,,,001-02020104,,1
Smart Collection,SMART- BLACK 100ML,,,,,,001-02020127,,1
Smart Collection,SMART- BUKHOOR ATELIER PERFUME NO 1 - 60ML,,,,,,001-02020239,,1
Smart Collection,SMART- BUKHOOR ATELIER PERFUME NO 2 - 60ML,,,,,,001-02020240,,1
Smart Collection,SMART- BUKHOOR ATELIER PERFUME NO 3 - 60ML,,,,,,001-02020241,,1
Smart Collection,SMART- BUKHOOR ATELIER PERFUME NO 4 - 60ML,,,,,,001-02020242,,1
Smart Collection,SMART- BUKHOOR ATELIER PERFUME NO 5 - 60ML,,,,,,001-02020243,,1
Smart Collection,SMART- BUKHOOR ATELIER PERFUME NO 6 - 60ML,,,,,,001-02020244,,1
Smart Collection,SMART- ASAD - 817 -100ML,,,,,,001-02020294,,1
Smart Collection,SMART- KHAMRAH 816 -100ML,,,,,,001-02020295,,1
Smart Collection,SMART- OPHYLIA 30ML,,,,,,001-02020301,,1
Smart Collection,SMART- NOW MEN BLACK 30ML,,,,,,001-02020303,,1
Smart Collection,SMART BLACK 50ML,,,,,,001-02020332,,1
Smart Collection,SMART- MAAHIR BLACK 830 - 100ML,,,,,,001-02020350,,1
Smart Collection,SMART- NOW PINK 833 - 100ML,,,,,,001-02020352,,1
Smart Collection,SMART- RAMZ 835 - 100ML,,,,,,001-02020354,,1
Smart Collection,SMART- MAYAR 837 - 100ML,,,,,,001-02020355,,1
Smart Collection,SMART- HEIBAH 840 - 100ML,,,,,,001-02020357,,1
Smart Collection,SMART - ASAD 30ML,,,,,,001-02020368,,1
Smart Collection,SMART - BERRIES WEEKEND PINK EDITION 30ML,,,,,,001-02020370,,1
Smart Collection,SMART - MOUSOF BROWN 30ML,,,,,,001-02020373,,1
Smart Collection,SMART - MOUSOF PINK 30ML,,,,,,001-02020374,,1
Smart Collection,SMART - OUD FOR GLORY BLACK 30ML,,,,,,001-02020378,,1
Smart Collection,SMART - SUGAR BABY 30ML,,,,,,001-02020381,,1
Smart Collection,SMERT : LEGEND 343 -100ML,,,,,,001-02020392,,1
Smart Collection,SMART- AL DIRGHAM 30ML,,,,,,001-02020434,,1
Smart Collection,SMART- MAYAR PINK 30ML,,,,,,001-02020440,,1
Smart Collection,SMART- QAED AL FURSAN 30ML,,,,,,001-02020441,,1
Smart Collection,SMART - SUGAR PINK 30ML,,,,,,001-02020445,,1
Smart Collection,SMART- SCANDEL 30ML,,,,,,001-02020462,,1
Smart Collection,SMART - SCANDAL 600 -25ML,,,,,,001-02020463,,1
Smart Collection,SMART - 658 - 100ML,,,,,,001-02020493,,1
Smart Collection,SMART - BLACK OPIUM 393 - 25ML,,,,,,001-02020494,,1
Smart Collection,SMART GUCCI GUILTY M- 334 - 25ML,,,,,,001-02020495,,1
Smart Collection,SMART- ASAD BOURBON 30 ML,,,,,,001-02020497,,1
Smart Collection,SMART- BLUVAGE313/446 - 100ML,,,,,,001-02020504,,1
Smart Collection,SMART- ELIXIRME 647/666 - 100ML,,,,,,001-02020505,,1
Smart Collection,SMART- LUCKY BOI 697/698 - 100ML,,,,,,001-02020506,,1
Smart Collection,SMART- MILLIONUS 385/262 - 100ML,,,,,,001-02020507,,1
Smart Collection,SMART- OMBERNATION 677/676 - 100ML,,,,,,001-02020508,,1
Smart Collection,SMART- PUREOMBER 518/677- 100ML,,,,,,001-02020509,,1
Smart Collection,SMART- SCANTO 600/373 - 100ML,,,,,,001-02020510,,1
Smart Collection,SMART- STRONGINAGE 676/631 - 100ML,,,,,,001-02020511,,1
Smart Collection,SMART- TUSCAGE 343/446 - 100ML,,,,,,001-02020512,,1
Smart Collection,SMART- ARMANUS 169/385 - 100ML,,,,,,001-02020513,,1
Smart Collection,SMART GUCCI GUILTY M- 334 - 100ML,,,,,,001-02020514,,1
Smart Collection,SMART - SUGAR OUD 30ML,,,,,,001-02020518,,1